text,label
Hà Nội,1
Ba Đình,2
Phúc Xá,2
Trúc Bạch,2
Vĩnh Phúc,2
Cống Vị,2
Liễu Giai,2
Nguyễn Trung Trực,2
Quán Thánh,2
Ngọc Hà,2
Điện Biên,2
Đội Cấn,2
Ngọc Khánh,2
Kim Mã,2
Giảng Võ,2
Thành Công,2
Hoàn Kiếm,2
Phúc Tân,2
Đồng Xuân,2
Hàng Mã,2
Hàng Buồm,2
Hàng Đào,2
Hàng Bồ,2
Cửa Đông,2
Lý Thái Tổ,2
Hàng Bạc,2
Hàng Gai,2
Chương Dương,2
Hàng Trống,2
Cửa Nam,2
Hàng Bông,2
Tràng Tiền,2
Trần Hưng Đạo,2
Phan Chu Trinh,2
Hàng Bài,2
Tây Hồ,2
Phú Thượng,2
Nhật Tân,2
Tứ Liên,2
Quảng An,2
Xuân La,2
Yên Phụ,2
Bưởi,2
Thụy Khuê,2
Long Biên,2
Thượng Thanh,2
Ngọc Thụy,2
Giang Biên,2
Đức Giang,2
Việt Hưng,2
Gia Thụy,2
Ngọc Lâm,2
Phúc Lợi,2
Bồ Đề,2
Sài Đồng,2
Thạch Bàn,2
Phúc Đồng,2
Cự Khối,2
Cầu Giấy,2
Nghĩa Đô,2
Nghĩa Tân,2
Mai Dịch,2
Dịch Vọng,2
Dịch Vọng Hậu,2
Quan Hoa,2
Yên Hoà,2
Trung Hoà,2
Đống Đa,2
Cát Linh,2
Văn Miếu,2
Quốc Tử Giám,2
Láng Thượng,2
Ô Chợ Dừa,2
Văn Chương,2
Hàng Bột,2
Láng Hạ,2
Khâm Thiên,2
Thổ Quan,2
Nam Đồng,2
Trung Phụng,2
Quang Trung,2
Trung Liệt,2
Phương Liên,2
Thịnh Quang,2
Trung Tự,2
Kim Liên,2
Phương Mai,2
Ngã Tư Sở,2
Khương Thượng,2
Hai Bà Trưng,2
Nguyễn Du,2
Bạch Đằng,2
Phạm Đình Hổ,2
Lê Đại Hành,2
Đồng Nhân,2
Phố Huế,2
Đống Mác,2
Thanh Lương,2
Thanh Nhàn,2
Cầu Dền,2
Bách Khoa,2
Đồng Tâm,2
Vĩnh Tuy,2
Bạch Mai,2
Quỳnh Mai,2
Quỳnh Lôi,2
Minh Khai,2
Trương Định,2
Hoàng Mai,2
Thanh Trì,2
Vĩnh Hưng,2
Định Công,2
Mai Động,2
Tương Mai,2
Đại Kim,2
Tân Mai,2
Hoàng Văn Thụ,2
Giáp Bát,2
Lĩnh Nam,2
Thịnh Liệt,2
Trần Phú,2
Hoàng Liệt,2
Yên Sở,2
Thanh Xuân,2
Nhân Chính,2
Thượng Đình,2
Khương Trung,2
Khương Mai,2
Thanh Xuân Trung,2
Phương Liệt,2
Hạ Đình,2
Khương Đình,2
Thanh Xuân Bắc,2
Thanh Xuân Nam,2
Kim Giang,2
Sóc Sơn,2
Bắc Sơn,2
Minh Trí,2
Hồng Kỳ,2
Nam Sơn,2
Trung Giã,2
Tân Hưng,2
Minh Phú,2
Phù Linh,2
Bắc Phú,2
Tân Minh,2
Quang Tiến,2
Hiền Ninh,2
Tân Dân,2
Tiên Dược,2
Việt Long,2
Xuân Giang,2
Mai Đình,2
Đức Hoà,2
Đông Xuân,2
Kim Lũ,2
Phú Cường,2
Phú Minh,2
Phù Lỗ,2
Xuân Thu,2
Đông Anh,2
Xuân Nộn,2
Thuỵ Lâm,2
Bắc Hồng,2
Nguyên Khê,2
Nam Hồng,2
Tiên Dương,2
Vân Hà,2
Uy Nỗ,2
Vân Nội,2
Liên Hà,2
Việt Hùng,2
Kim Nỗ,2
Kim Chung,2
Dục Tú,2
Đại Mạch,2
Vĩnh Ngọc,2
Cổ Loa,2
Hải Bối,2
Xuân Canh,2
Võng La,2
Tàm Xá,2
Mai Lâm,2
Đông Hội,2
Gia Lâm,2
Yên Viên,2
Yên Thường,2
Ninh Hiệp,2
Đình Xuyên,2
Dương Hà,2
Phù Đổng,2
Trung Mầu,2
Lệ Chi,2
Cổ Bi,2
Đặng Xá,2
Phú Thị,2
Kim Sơn,2
Trâu Quỳ,2
Dương Quang,2
Dương Xá,2
Đông Dư,2
Đa Tốn,2
Kiêu Kỵ,2
Bát Tràng,2
Kim Lan,2
Văn Đức,2
Nam Từ Liêm,2
Cầu Diễn,2
Xuân Phương,2
Phương Canh,2
Mỹ Đình 1,2
Mỹ Đình 2,2
Tây Mỗ,2
Mễ Trì,2
Phú Đô,2
Đại Mỗ,2
Trung Văn,2
Văn Điển,2
Tân Triều,2
Thanh Liệt,2
Tả Thanh Oai,2
Hữu Hoà,2
Tam Hiệp,2
Tứ Hiệp,2
Yên Mỹ,2
Vĩnh Quỳnh,2
Ngũ Hiệp,2
Duyên Hà,2
Ngọc Hồi,2
Vạn Phúc,2
Đại áng,2
Liên Ninh,2
Đông Mỹ,2
Bắc Từ Liêm,2
Thượng Cát,2
Liên Mạc,2
Đông Ngạc,2
Đức Thắng,2
Thụy Phương,2
Tây Tựu,2
Xuân Đỉnh,2
Xuân Tảo,2
Cổ Nhuế 1,2
Cổ Nhuế 2,2
Phú Diễn,2
Phúc Diễn,2
Mê Linh,2
Chi Đông,2
Đại Thịnh,2
Kim Hoa,2
Thạch Đà,2
Tiến Thắng,2
Tự Lập,2
Quang Minh,2
Thanh Lâm,2
Tam Đồng,2
Vạn Yên,2
Chu Phan,2
Tiến Thịnh,2
Văn Khê,2
Hoàng Kim,2
Tiền Phong,2
Tráng Việt,2
Hà Đông,2
Nguyễn Trãi,2
Mộ Lao,2
Văn Quán,2
Yết Kiêu,2
La Khê,2
Phú La,2
Phúc La,2
Hà Cầu,2
Yên Nghĩa,2
Kiến Hưng,2
Phú Lãm,2
Phú Lương,2
Dương Nội,2
Đồng Mai,2
Biên Giang,2
Thị xã Sơn Tây,2
Lê Lợi,2
Phú Thịnh,2
Ngô Quyền,2
Sơn Lộc,2
Xuân Khanh,2
Đường Lâm,2
Viên Sơn,2
Xuân Sơn,2
Trung Hưng,2
Thanh Mỹ,2
Trung Sơn Trầm,2
Sơn Đông,2
Cổ Đông,2
Ba Vì,2
Tây Đằng,2
Cổ Đô,2
Tản Hồng,2
Vạn Thắng,2
Châu Sơn,2
Phong Vân,2
Phú Đông,2
Phú Phương,2
Phú Châu,2
Thái Hòa,2
Đồng Thái,2
Phú Sơn,2
Minh Châu,2
Vật Lại,2
Chu Minh,2
Tòng Bạt,2
Cẩm Lĩnh,2
Sơn Đà,2
Đông Quang,2
Tiên Phong,2
Thụy An,2
Cam Thượng,2
Thuần Mỹ,2
Tản Lĩnh,2
Ba Trại,2
Minh Quang,2
Vân Hòa,2
Yên Bài,2
Khánh Thượng,2
Phúc Thọ,2
Vân Phúc,2
Vân Nam,2
Xuân Đình,2
Sen Phương,2
Võng Xuyên,2
Thọ Lộc,2
Long Xuyên,2
Thượng Cốc,2
Hát Môn,2
Tích Giang,2
Thanh Đa,2
Trạch Mỹ Lộc,2
Phúc Hòa,2
Ngọc Tảo,2
Phụng Thượng,2
Tam Thuấn,2
Hiệp Thuận,2
Liên Hiệp,2
Đan Phượng,2
Phùng,2
Trung Châu,2
Thọ An,2
Thọ Xuân,2
Hồng Hà,2
Liên Hồng,2
Hạ Mỗ,2
Liên Trung,2
Phương Đình,2
Thượng Mỗ,2
Tân Hội,2
Tân Lập,2
Đồng Tháp,2
Song Phượng,2
Hoài Đức,2
Trạm Trôi,2
Đức Thượng,2
Dương Liễu,2
Di Trạch,2
Cát Quế,2
Sơn Đồng,2
Vân Canh,2
Đắc Sở,2
Lại Yên,2
Tiền Yên,2
Song Phương,2
An Khánh,2
An Thượng,2
Vân Côn,2
La Phù,2
Đông La,2
Quốc Oai,2
Sài Sơn,2
Phượng Cách,2
Yên Sơn,2
Ngọc Liệp,2
Ngọc Mỹ,2
Liệp Tuyết,2
Thạch Thán,2
Đồng Quang,2
Phú Cát,2
Tuyết Nghĩa,2
Nghĩa Hương,2
Cộng Hòa,2
Tân Phú,2
Đại Thành,2
Phú Mãn,2
Cấn Hữu,2
Tân Hòa,2
Hòa Thạch,2
Đông Yên,2
Thạch Thất,2
Yên Trung,2
Yên Bình,2
Tiến Xuân,2
Liên Quan,2
Đại Đồng,2
Cẩm Yên,2
Lại Thượng,2
Phú Kim,2
Hương Ngải,2
Canh Nậu,2
Kim Quan,2
Dị Nậu,2
Bình Yên,2
Chàng Sơn,2
Thạch Hoà,2
Cần Kiệm,2
Hữu Bằng,2
Phùng Xá,2
Tân,2
Thạch Xá,2
Bình Phú,2
Hạ Bằng,2
Đồng Trúc,2
Chương Mỹ,2
Chúc Sơn,2
Xuân Mai,2
Phụng Châu,2
Tiên Phương,2
Đông Sơn,2
Đông Phương Yên,2
Phú Nghĩa,2
Trường Yên,2
Ngọc Hòa,2
Thủy Xuân Tiên,2
Thanh Bình,2
Trung Hòa,2
Đại Yên,2
Thụy Hương,2
Tốt Động,2
Lam Điền,2
Tân Tiến,2
Nam Phương Tiến,2
Hợp Đồng,2
Hoàng Diệu,2
Hữu Văn,2
Quảng Bị,2
Mỹ Lương,2
Thượng Vực,2
Hồng Phong,2
Đồng Phú,2
Văn Võ,2
Đồng Lạc,2
Hòa Chính,2
Phú Nam An,2
Thanh Oai,2
Kim Bài,2
Cự Khê,2
Bích Hòa,2
Mỹ Hưng,2
Cao Viên,2
Bình Minh,2
Tam Hưng,2
Thanh Cao,2
Thanh Thùy,2
Thanh Mai,2
Thanh Văn,2
Đỗ Động,2
Kim An,2
Kim Thư,2
Phương Trung,2
Tân Ước,2
Dân Hòa,2
Liên Châu,2
Cao Dương,2
Xuân Dương,2
Hồng Dương,2
Thường Tín,2
Ninh Sở,2
Nhị Khê,2
Duyên Thái,2
Khánh Hà,2
Hòa Bình,2
Văn Bình,2
Hiền Giang,2
Hồng Vân,2
Vân Tảo,2
Liên Phương,2
Văn Phú,2
Tự Nhiên,2
Hà Hồi,2
Thư Phú,2
Quất Động,2
Thắng Lợi,2
Dũng Tiến,2
Thống Nhất,2
Nghiêm Xuyên,2
Tô Hiệu,2
Văn Tự,2
Vạn Điểm,2
Minh Cường,2
Phú Xuyên,2
Hồng Minh,2
Phượng Dực,2
Nam Tiến,2
Tri Trung,2
Đại Thắng,2
Phú Túc,2
Văn Hoàng,2
Hồng Thái,2
Hoàng Long,2
Nam Phong,2
Nam Triều,2
Sơn Hà,2
Chuyên Mỹ,2
Khai Thái,2
Phúc Tiến,2
Vân Từ,2
Tri Thủy,2
Đại Xuyên,2
Phú Yên,2
Bạch Hạ,2
Quang Lãng,2
Châu Can,2
Minh Tân,2
Ứng Hòa,2
Vân Đình,2
Viên An,2
Viên Nội,2
Hoa Sơn,2
Quảng Phú Cầu,2
Trường Thịnh,2
Cao Thành,2
Liên Bạt,2
Sơn Công,2
Đồng Tiến,2
Phương Tú,2
Trung Tú,2
Đồng Tân,2
Tảo Dương Văn,2
Vạn Thái,2
Minh Đức,2
Hòa Lâm,2
Hòa Xá,2
Trầm Lộng,2
Kim Đường,2
Hòa Nam,2
Hòa Phú,2
Đội Bình,2
Đại Hùng,2
Đông Lỗ,2
Phù Lưu,2
Đại Cường,2
Lưu Hoàng,2
Hồng Quang,2
Mỹ Đức,2
Đại Nghĩa,2
Thượng Lâm,2
Tuy Lai,2
Phúc Lâm,2
Mỹ Thành,2
Bột Xuyên,2
An Mỹ,2
Hồng Sơn,2
Lê Thanh,2
Xuy Xá,2
Phù Lưu Tế,2
Đại Hưng,2
Vạn Kim,2
Đốc Tín,2
Hương Sơn,2
Hùng Tiến,2
An Tiến,2
Hợp Tiến,2
Hợp Thanh,2
An Phú,2
Hà Giang,1
Hà Giang,2
Ngọc Đường,2
Phương Độ,2
Phương Thiện,2
Đồng Văn,2
Phó Bảng,2
Lũng Cú,2
Má Lé,2
Lũng Táo,2
Phố Là,2
Thài Phìn Tủng,2
Sủng Là,2
Xà Phìn,2
Tả Phìn,2
Tả Lủng,2
Phố Cáo,2
Sính Lủng,2
Sảng Tủng,2
Lũng Thầu,2
Hố Quáng Phìn,2
Vần Chải,2
Lũng Phìn,2
Sủng Trái,2
Mèo Vạc,2
Thượng Phùng,2
Pải Lủng,2
Xín Cái,2
Pả Vi,2
Giàng Chu Phìn,2
Sủng Trà,2
Sủng Máng,2
Sơn Vĩ,2
Cán Chu Phìn,2
Lũng Pù,2
Lũng Chinh,2
Tát Ngà,2
Nậm Ban,2
Khâu Vai,2
Niêm Tòng,2
Niêm Sơn,2
Yên Minh,2
Thắng Mố,2
Phú Lũng,2
Sủng Tráng,2
Bạch Đích,2
Na Khê,2
Sủng Thài,2
Hữu Vinh,2
Lao Và Chải,2
Mậu Duệ,2
Đông Minh,2
Mậu Long,2
Ngam La,2
Ngọc Long,2
Đường Thượng,2
Lũng Hồ,2
Du Tiến,2
Du Già,2
Quản Bạ,2
Tam Sơn,2
Bát Đại Sơn,2
Nghĩa Thuận,2
Cán Tỷ,2
Cao Mã Pờ,2
Thanh Vân,2
Tùng Vài,2
Đông Hà,2
Lùng Tám,2
Quyết Tiến,2
Tả Ván,2
Thái An,2
Vị Xuyên,2
Kim Thạch,2
Phú Linh,2
Kim Linh,2
Nông Trường Việt Lâm,2
Thuận Hoà,2
Tùng Bá,2
Thanh Thủy,2
Thanh Đức,2
Phong Quang,2
Xín Chải,2
Phương Tiến,2
Lao Chải,2
Cao Bồ,2
Đạo Đức,2
Thượng Sơn,2
Linh Hồ,2
Quảng Ngần,2
Việt Lâm,2
Ngọc Linh,2
Ngọc Minh,2
Bạch Ngọc,2
Trung Thành,2
Bắc Mê,2
Minh Sơn,2
Giáp Trung,2
Yên Định,2
Yên Phú,2
Minh Ngọc,2
Yên Phong,2
Lạc Nông,2
Phú Nam,2
Yên Cường,2
Thượng Tân,2
Đường Âm,2
Đường Hồng,2
Phiêng Luông,2
Hoàng Su Phì,2
Vinh Quang,2
Bản Máy,2
Thàng Tín,2
Thèn Chu Phìn,2
Pố Lồ,2
Bản Phùng,2
Túng Sán,2
Chiến Phố,2
Đản Ván,2
Tụ Nhân,2
Nàng Đôn,2
Pờ Ly Ngài,2
Sán Xả Hồ,2
Bản Luốc,2
Ngàm Đăng Vài,2
Bản Nhùng,2
Tả Sử Choóng,2
Nậm Dịch,2
Hồ Thầu,2
Nậm Tỵ,2
Thông Nguyên,2
Nậm Khòa,2
Xín Mần,2
Cốc Pài,2
Nàn Xỉn,2
Bản Díu,2
Chí Cà,2
Thèn Phàng,2
Trung Thịnh,2
Pà Vầy Sủ,2
Cốc Rế,2
Thu Tà,2
Nàn Ma,2
Tả Nhìu,2
Bản Ngò,2
Chế Là,2
Nấm Dẩn,2
Quảng Nguyên,2
Nà Chì,2
Khuôn Lùng,2
Bắc Quang,2
Việt Quang,2
Tân Thành,2
Tân Quang,2
Thượng Bình,2
Hữu Sản,2
Kim Ngọc,2
Việt Vinh,2
Bằng Hành,2
Vô Điếm,2
Việt Hồng,2
Hùng An,2
Đức Xuân,2
Tiên Kiều,2
Vĩnh Hảo,2
Đồng Yên,2
Đông Thành,2
Quang Bình,2
Xuân Minh,2
Tiên Nguyên,2
Tân Nam,2
Bản Rịa,2
Yên Thành,2
Tân Trịnh,2
Tân Bắc,2
Bằng Lang,2
Yên Hà,2
Nà Khương,2
Tiên Yên,2
Vĩ Thượng,2
Cao Bằng,1
Cao Bằng,2
Sông Hiến,2
Sông Bằng,2
Hợp Giang,2
Tân Giang,2
Ngọc Xuân,2
Đề Thám,2
Hoà Chung,2
Duyệt Trung,2
Vĩnh Quang,2
Hưng Đạo,2
Chu Trinh,2
Bảo Lâm,2
Pác Miầu,2
Đức Hạnh,2
Lý Bôn,2
Nam Cao,2
Nam Quang,2
Quảng Lâm,2
Thạch Lâm,2
Vĩnh Phong,2
Mông Ân,2
Thái Học,2
Thái Sơn,2
Yên Thổ,2
Bảo Lạc,2
Cốc Pàng,2
Thượng Hà,2
Cô Ba,2
Bảo Toàn,2
Khánh Xuân,2
Xuân Trường,2
Hồng Trị,2
Kim Cúc,2
Phan Thanh,2
Hồng An,2
Hưng Thịnh,2
Huy Giáp,2
Đình Phùng,2
Sơn Lập,2
Sơn Lộ,2
Hà Quảng,2
Thông Nông,2
Cần Yên,2
Cần Nông,2
Lương Thông,2
Đa Thông,2
Ngọc Động,2
Lương Can,2
Thanh Long,2
Xuân Hòa,2
Lũng Nặm,2
Trường Hà,2
Cải Viên,2
Nội Thôn,2
Tổng Cọt,2
Sóc Hà,2
Thượng Thôn,2
Hồng Sỹ,2
Quý Quân,2
Mã Ba,2
Ngọc Đào,2
Trùng Khánh,2
Trà Lĩnh,2
Tri Phương,2
Quang Hán,2
Xuân Nội,2
Quang Vinh,2
Cao Chương,2
Ngọc Khê,2
Ngọc Côn,2
Phong Nậm,2
Đình Phong,2
Đàm Thuỷ,2
Khâm Thành,2
Chí Viễn,2
Lăng Hiếu,2
Phong Châu,2
Trung Phúc,2
Cao Thăng,2
Đức Hồng,2
Đoài Dương,2
Hạ Lang,2
Minh Long,2
Lý Quốc,2
Đồng Loan,2
Đức Quang,2
Kim Loan,2
Quang Long,2
An Lạc,2
Thanh Nhật,2
Vinh Quý,2
Cô Ngân,2
Thị Hoa,2
Quảng Hòa,2
Quốc Toản,2
Quảng Uyên,2
Phi Hải,2
Quảng Hưng,2
Độc Lập,2
Cai Bộ,2
Phúc Sen,2
Chí Thảo,2
Tự Do,2
Hạnh Phúc,2
Tà Lùng,2
Bế Văn Đàn,2
Cách Linh,2
Đại Sơn,2
Tiên Thành,2
Hoà Thuận,2
Hoà An,2
Nước Hai,2
Dân Chủ,2
Nam Tuấn,2
Đại Tiến,2
Đức Long,2
Ngũ Lão,2
Trương Lương,2
Hồng Việt,2
Hoàng Tung,2
Nguyễn Huệ,2
Bình Dương,2
Lê Chung,2
Hồng Nam,2
Nguyên Bình,2
Tĩnh Túc,2
Yên Lạc,2
Triệu Nguyên,2
Ca Thành,2
Vũ Nông,2
Minh Tâm,2
Thể Dục,2
Mai Long,2
Vũ Minh,2
Hoa Thám,2
Quang Thành,2
Tam Kim,2
Thịnh Vượng,2
Thạch An,2
Đông Khê,2
Canh Tân,2
Kim Đồng,2
Đức Thông,2
Thái Cường,2
Vân Trình,2
Thụy Hùng,2
Quang Trọng,2
Trọng Con,2
Lê Lai,2
Bắc Kạn,1
Thành Phố Bắc Kạn,2
Nguyễn Thị Minh Khai,2
Sông Cầu,2
Phùng Chí Kiên,2
Huyền Tụng,2
Nông Thượng,2
Xuất Hóa,2
Pác Nặm,2
Bằng Thành,2
Nhạn Môn,2
Bộc Bố,2
Công Bằng,2
Giáo Hiệu,2
An Thắng,2
Cổ Linh,2
Nghiên Loan,2
Cao Tân,2
Ba Bể,2
Chợ Rã,2
Bành Trạch,2
Phúc Lộc,2
Hà Hiệu,2
Cao Thượng,2
Khang Ninh,2
Nam Mẫu,2
Thượng Giáo,2
Địa Linh,2
Yến Dương,2
Chu Hương,2
Quảng Khê,2
Mỹ Phương,2
Hoàng Trĩ,2
Đồng Phúc,2
Ngân Sơn,2
Nà Phặc,2
Thượng Ân,2
Bằng Vân,2
Cốc Đán,2
Đức Vân,2
Vân Tùng,2
Thượng Quan,2
Hiệp Lực,2
Thuần Mang,2
Bạch Thông,2
Phủ Thông,2
Vi Hương,2
Sĩ Bình,2
Vũ Muộn,2
Đôn Phong,2
Lục Bình,2
Tân Tú,2
Nguyên Phúc,2
Cao Sơn,2
Quân Hà,2
Cẩm Giàng,2
Mỹ Thanh,2
Dương Phong,2
Quang Thuận,2
Chợ Đồn,2
Bằng Lũng,2
Xuân Lạc,2
Nam Cường,2
Bản Thi,2
Quảng Bạch,2
Bằng Phúc,2
Yên Thịnh,2
Yên Thượng,2
Phương Viên,2
Ngọc Phái,2
Đồng Thắng,2
Lương Bằng,2
Bằng Lãng,2
Đại Sảo,2
Nghĩa Tá,2
Bình Trung,2
Chợ Mới,2
Tân Sơn,2
Thanh Vận,2
Mai Lạp,2
Hoà Mục,2
Cao Kỳ,2
Nông Hạ,2
Yên Cư,2
Thanh Thịnh,2
Yên Hân,2
Như Cố,2
Bình Văn,2
Quảng Chu,2
Na Rì,2
Văn Vũ,2
Văn Lang,2
Lương Thượng,2
Kim Hỷ,2
Cường Lợi,2
Yến Lạc,2
Kim Lư,2
Sơn Thành,2
Văn Minh,2
Côn Minh,2
Cư Lễ,2
Quang Phong,2
Dương Sơn,2
Đổng Xá,2
Liêm Thuỷ,2
Tuyên Quang,1
Tuyên Quang,2
Phan Thiết,2
Minh Xuân,2
Tràng Đà,2
Nông Tiến,2
Ỷ La,2
Tân Hà,2
Hưng Thành,2
Kim Phú,2
An Khang,2
Mỹ Lâm,2
An Tường,2
Lưỡng Vượng,2
Thái Long,2
Lâm Bình,2
Phúc Yên,2
Xuân Lập,2
Khuôn Hà,2
Lăng Can,2
Bình An,2
Thổ Bình,2
Phúc Sơn,2
Na Hang,2
Sinh Long,2
Thượng Giáp,2
Thượng Nông,2
Côn Lôn,2
Yên Hoa,2
Đà Vị,2
Khau Tinh,2
Sơn Phú,2
Năng Khả,2
Thanh Tương,2
Chiêm Hóa,2
Vĩnh Lộc,2
Trung Hà,2
Tân Mỹ,2
Hà Lang,2
Hùng Mỹ,2
Yên Lập,2
Tân An,2
Xuân Quang,2
Ngọc Hội,2
Phú Bình,2
Phúc Thịnh,2
Kiên Đài,2
Tân Thịnh,2
Kim Bình,2
Hòa An,2
Tri Phú,2
Nhân Lý,2
Yên Nguyên,2
Linh Phú,2
Bình Nhân,2
Hàm Yên,2
Tân Yên,2
Yên Thuận,2
Bạch Xa,2
Minh Khương,2
Yên Lâm,2
Minh Dân,2
Minh Hương,2
Bình Xa,2
Nhân Mục,2
Thành Long,2
Bằng Cốc,2
Đức Ninh,2
Hùng Đức,2
Quí Quân,2
Lực Hành,2
Kiến Thiết,2
Trung Minh,2
Chiêu Yên,2
Trung Trực,2
Xuân Vân,2
Phúc Ninh,2
Hùng Lợi,2
Trung Sơn,2
Tứ,2
Đạo Viện,2
Tân Long,2
Lang Quán,2
Công Đa,2
Trung Môn,2
Chân Sơn,2
Thái Bình,2
Tiến Bộ,2
Mỹ Bằng,2
Hoàng Khai,2
Nhữ Hán,2
Nhữ Khê,2
Sơn Dương,2
Trung Yên,2
Minh Thanh,2
Tân Trào,2
Vĩnh Lợi,2
Thượng Ấm,2
Lương Thiện,2
Tú Thịnh,2
Cấp Tiến,2
Hợp Thành,2
Phúc Ứng,2
Đông Thọ,2
Kháng Nhật,2
Hợp Hòa,2
Quyết Thắng,2
Đồng Quý,2
Tân Thanh,2
Vân Sơn,2
Chi Thiết,2
Đông Lợi,2
Thiện Kế,2
Hồng Lạc,2
Ninh Lai,2
Đại Phú,2
Sơn Nam,2
Hào Phú,2
Tam Đa,2
Trường Sinh,2
Lào Cai,1
Lào Cai,2
Duyên Hải,2
Cốc Lếu,2
Kim Tân,2
Bắc Lệnh,2
Pom Hán,2
Xuân Tăng,2
Đồng Tuyển,2
Vạn Hoà,2
Bắc Cường,2
Cam Đường,2
Tả Phời,2
Cốc San,2
Bát Xát,2
A Mú Sung,2
Nậm Chạc,2
A Lù,2
Trịnh Tường,2
Y Tý,2
Cốc Mỳ,2
Dền Sáng,2
Bản Vược,2
Sàng Ma Sáo,2
Bản Qua,2
Mường Vi,2
Dền Thàng,2
Bản Xèo,2
Mường Hum,2
Trung Lèng Hồ,2
Quang Kim,2
Pa Cheo,2
Nậm Pung,2
Phìn Ngan,2
Tòng Sành,2
Mường Khương,2
Pha Long,2
Tả Ngải Chồ,2
Tung Chung Phố,2
Dìn Chin,2
Tả Gia Khâu,2
Nậm Chảy,2
Nấm Lư,2
Lùng Khấu Nhin,2
Lùng Vai,2
Bản Lầu,2
La Pan Tẩn,2
Tả Thàng,2
Bản Sen,2
Si Ma Cai,2
Nàn Sán,2
Thào Chư Phìn,2
Bản Mế,2
Sán Chải,2
Lùng Thẩn,2
Cán Cấu,2
Sín Chéng,2
Quan Hồ Thẩn,2
Nàn Xín,2
Bắc Hà,2
Lùng Cải,2
Lùng Phình,2
Tả Van Chư,2
Tả Củ Tỷ,2
Thải Giàng Phố,2
Hoàng Thu Phố,2
Bản Phố,2
Bản Liền,2
Tà Chải,2
Na Hối,2
Cốc Ly,2
Nậm Mòn,2
Nậm Đét,2
Nậm Khánh,2
Bảo Nhai,2
Nậm Lúc,2
Cốc Lầu,2
Bản Cái,2
Bảo Thắng,2
N.T Phong Hải,2
Phố Lu,2
Tằng Loỏng,2
Bản Phiệt,2
Bản Cầm,2
Thái Niên,2
Phong Niên,2
Gia Phú,2
Sơn Hải,2
Xuân Giao,2
Trì Quang,2
Phú Nhuận,2
Bảo Yên,2
Phố Ràng,2
Vĩnh Yên,2
Điện Quan,2
Xuân Hoà,2
Tân Dương,2
Cam Cọn,2
Xuân Thượng,2
Việt Tiến,2
Bảo Hà,2
Lương Sơn,2
Phúc Khánh,2
Thị xã Sa Pa,2
Sa Pa,2
Sa Pả,2
Ô Quý Hồ,2
Ngũ Chỉ Sơn,2
Phan Si Păng,2
Trung Chải,2
Hàm Rồng,2
Hoàng Liên,2
Cầu Mây,2
Mường Hoa,2
Tả Van,2
Mường Bo,2
Bản Hồ,2
Liên Minh,2
Văn Bàn,2
Khánh Yên,2
Võ Lao,2
Sơn Thuỷ,2
Nậm Mả,2
Tân Thượng,2
Nậm Rạng,2
Nậm Chầy,2
Khánh Yên Thượng,2
Nậm Xé,2
Dần Thàng,2
Chiềng Ken,2
Làng Giàng,2
Hoà Mạc,2
Khánh Yên Trung,2
Khánh Yên Hạ,2
Dương Quỳ,2
Nậm Tha,2
Minh Lương,2
Thẩm Dương,2
Liêm Phú,2
Nậm Xây,2
Điện Biên,1
Điện Biên Phủ,2
Noong Bua,2
Him Lam,2
Mường Thanh,2
Nam Thanh,2
Thanh Trường,2
Thanh Minh,2
Nà Tấu,2
Nà Nhạn,2
Mường Phăng,2
Pá Khoang,2
Thị  Mường Lay,2
Sông Đà,2
Na Lay,2
Lay Nưa,2
Mường Nhé,2
Sín Thầu,2
Sen Thượng,2
Chung Chải,2
Leng Su Sìn,2
Pá Mỳ,2
Nậm Vì,2
Nậm Kè,2
Mường Toong,2
Huổi Lếnh,2
Mường Chà,2
Thị Trấn Mường Chà,2
Xá Tổng,2
Mường Tùng,2
Hừa Ngài,2
Huổi Mí,2
Pa Ham,2
Nậm Nèn,2
Huổi Lèng,2
Sa Lông,2
Ma Thì Hồ,2
Na Sang,2
Mường Mươn,2
Tủa Chùa,2
Huổi Só,2
Tả Sìn Thàng,2
Lao Xả Phình,2
Tủa Thàng,2
Trung Thu,2
Sính Phình,2
Sáng Nhè,2
Mường Đun,2
Mường Báng,2
Tuần Giáo,2
Phình Sáng,2
Rạng Đông,2
Mùn Chung,2
Nà Tòng,2
Ta Ma,2
Mường Mùn,2
Pú Xi,2
Pú Nhung,2
Quài Nưa,2
Mường Thín,2
Tỏa Tình,2
Nà Sáy,2
Mường Khong,2
Quài Cang,2
Quài Tở,2
Chiềng Sinh,2
Chiềng Đông,2
Tênh Phông,2
Mường Pồn,2
Thanh Nưa,2
Hua Thanh,2
Thanh Luông,2
Thanh Hưng,2
Thanh Xương,2
Thanh Chăn,2
Pa Thơm,2
Thanh An,2
Thanh Yên,2
Noong Luống,2
Noọng Hẹt,2
Sam Mứn,2
Pom Lót,2
Núa Ngam,2
Hẹ Muông,2
Na Ư,2
Mường Nhà,2
Na Tông,2
Mường Lói,2
Phu Luông,2
Điện Biên Đông,2
Na Son,2
Phì Nhừ,2
Chiềng Sơ,2
Mường Luân,2
Pú Nhi,2
Nong U,2
Xa Dung,2
Keo Lôm,2
Luân Giới,2
Phình Giàng,2
Pú Hồng,2
Tìa Dình,2
Háng Lìa,2
Mường Ảng,2
Mường Đăng,2
Ngối Cáy,2
Ẳng Tở,2
Búng Lao,2
Xuân Lao,2
Ẳng Nưa,2
Ẳng Cang,2
Nặm Lịch,2
Mường Lạn,2
Nậm Pồ,2
Nậm Tin,2
Pa Tần,2
Chà Cang,2
Na Cô Sa,2
Nà Khoa,2
Nà Hỳ,2
Nà Bủng,2
Nậm Nhừ,2
Nậm Chua,2
Nậm Khăn,2
Chà Tở,2
Vàng Đán,2
Chà Nưa,2
Phìn Hồ,2
Si Pa Phìn,2
Lai Châu,1
Lai Châu,2
Tân Phong,2
Đoàn Kết,2
Sùng Phài,2
Đông Phong,2
San Thàng,2
Tam Đường,2
Thèn Sin,2
Tả Lèng,2
Giang Ma,2
Bình Lư,2
Sơn Bình,2
Nùng Nàng,2
Bản Giang,2
Bản Hon,2
Bản Bo,2
Nà Tăm,2
Khun Há,2
Mường Tè,2
Thu Lũm,2
Ka Lăng,2
Tá Bạ,2
Pa ủ,2
Pa Vệ Sử,2
Mù Cả,2
Bum Tở,2
Nậm Khao,2
Tà Tổng,2
Bum Nưa,2
Vàng San,2
Kan Hồ,2
Sìn Hồ,2
Chăn Nưa,2
Hồng Thu,2
Phăng Sô Lin,2
Ma Quai,2
Lùng Thàng,2
Sà Dề Phìn,2
Nậm Tăm,2
Tả Ngảo,2
Pu Sam Cáp,2
Nậm Cha,2
Pa Khoá,2
Làng Mô,2
Noong Hẻo,2
Nậm Mạ,2
Căn Co,2
Tủa Sín Chải,2
Nậm Cuổi,2
Nậm Hăn,2
Phong Thổ,2
Lả Nhì Thàng,2
Huổi Luông,2
Sì Lở Lầu,2
Mồ Sì San,2
Pa Vây Sử,2
Vàng Ma Chải,2
Tông Qua Lìn,2
Mù Sang,2
Dào San,2
Ma Ly Pho,2
Bản Lang,2
Hoang Thèn,2
Khổng Lào,2
Nậm Xe,2
Mường So,2
Sin Suối Hồ,2
Than Uyên,2
Phúc Than,2
Mường Than,2
Mường Mít,2
Pha Mu,2
Mường Cang,2
Hua Nà,2
Tà Hừa,2
Mường Kim,2
Tà Mung,2
Tà Gia,2
Khoen On,2
Tân Uyên,2
Mường Khoa,2
Phúc Khoa,2
Thân Thuộc,2
Trung Đồng,2
Hố Mít,2
Nậm Cần,2
Nậm Sỏ,2
Pắc Ta,2
Tà Mít,2
Nậm Nhùn,2
Hua Bun,2
Mường Mô,2
Nậm Chà,2
Nậm Manh,2
Nậm Hàng,2
Pú Đao,2
Nậm Pì,2
Sơn La,1
Sơn La,2
Chiềng Lề,2
Quyết Tâm,2
Chiềng Cọ,2
Chiềng Đen,2
Chiềng Xôm,2
Chiềng An,2
Chiềng Cơi,2
Chiềng Ngần,2
Hua La,2
Quỳnh Nhai,2
Mường Chiên,2
Cà Nàng,2
Chiềng Khay,2
Mường Giôn,2
Pá Ma Pha Khinh,2
Chiềng Ơn,2
Mường Giàng,2
Chiềng Bằng,2
Mường Sại,2
Nậm ét,2
Chiềng Khoang,2
Thuận Châu,2
Phổng Lái,2
Mường é,2
Chiềng Pha,2
Chiềng La,2
Chiềng Ngàm,2
Liệp Tè,2
é Tòng,2
Phổng Lập,2
Phổng Lăng,2
Chiềng Ly,2
Noong Lay,2
Mường Khiêng,2
Mường Bám,2
Long Hẹ,2
Chiềng Bôm,2
Thôm Mòn,2
Tông Lạnh,2
Tông Cọ,2
Bó Mười,2
Co Mạ,2
Púng Tra,2
Chiềng Pấc,2
Nậm Lầu,2
Bon Phặng,2
Co Tòng,2
Muổi Nọi,2
Pá Lông,2
Bản Lầm,2
Mường La,2
Ít Ong,2
Nậm Giôn,2
Chiềng Lao,2
Hua Trai,2
Ngọc Chiến,2
Mường Trai,2
Nậm Păm,2
Chiềng Muôn,2
Chiềng Ân,2
Pi Toong,2
Chiềng Công,2
Tạ Bú,2
Chiềng San,2
Mường Bú,2
Chiềng Hoa,2
Mường Chùm,2
Bắc Yên,2
Phiêng Ban,2
Hang Chú,2
Xím Vàng,2
Tà Xùa,2
Háng Đồng,2
Pắc Ngà,2
Làng Chếu,2
Chim Vàn,2
Song Pe,2
Hồng Ngài,2
Tạ Khoa,2
Hua Nhàn,2
Phiêng Côn,2
Chiềng Sại,2
Phù Yên,2
Suối Tọ,2
Mường Thải,2
Mường Cơi,2
Quang Huy,2
Huy Bắc,2
Huy Thượng,2
Tân Lang,2
Gia Phù,2
Tường Phù,2
Huy Hạ,2
Huy Tân,2
Mường Lang,2
Suối Bau,2
Huy Tường,2
Mường Do,2
Sập Xa,2
Tường Thượng,2
Tường Tiến,2
Tường Phong,2
Tường Hạ,2
Kim Bon,2
Mường Bang,2
Đá Đỏ,2
Bắc Phong,2
Mộc Châu,2
NT Mộc Châu,2
Chiềng Sơn,2
Tân Hợp,2
Qui Hướng,2
Nà Mường,2
Tà Lai,2
Chiềng Hắc,2
Hua Păng,2
Chiềng Khừa,2
Mường Sang,2
Đông Sang,2
Lóng Sập,2
Yên Châu,2
Sập Vạt,2
Chiềng Sàng,2
Chiềng Pằn,2
Viêng Lán,2
Chiềng Hặc,2
Mường Lựm,2
Chiềng On,2
Chiềng Khoi,2
Tú Nang,2
Lóng Phiêng,2
Phiêng Khoài,2
Chiềng Tương,2
Mai Sơn,2
Hát Lót,2
Chiềng Sung,2
Mường Bằng,2
Chiềng Chăn,2
Mương Chanh,2
Chiềng Ban,2
Chiềng Mung,2
Mường Bon,2
Chiềng Chung,2
Chiềng Mai,2
Nà Pó,2
Cò  Nòi,2
Chiềng Nơi,2
Phiêng Cằm,2
Chiềng Dong,2
Chiềng Kheo,2
Chiềng Ve,2
Chiềng Lương,2
Phiêng Pằn,2
Nà Ơt,2
Tà Hộc,2
Sông Mã,2
Bó Sinh,2
Pú Pẩu,2
Chiềng Phung,2
Chiềng En,2
Mường Lầm,2
Nậm Ty,2
Đứa Mòn,2
Yên Hưng,2
Nà Nghịu,2
Nậm Mằn,2
Chiềng Khoong,2
Chiềng Cang,2
Huổi Một,2
Mường Sai,2
Mường Cai,2
Mường Hung,2
Chiềng Khương,2
Sốp Cộp,2
Sam Kha,2
Púng Bánh,2
Dồm Cang,2
Nậm Lạnh,2
Mường Lèo,2
Mường Và,2
Vân Hồ,2
Suối Bàng,2
Song Khủa,2
Liên Hoà,2
Tô Múa,2
Chiềng Khoa,2
Mường Men,2
Lóng Luông,2
Chiềng Yên,2
Chiềng Xuân,2
Xuân Nha,2
Tân Xuân,2
Yên Bái,1
Yên Bái,2
Yên Ninh,2
Nguyễn Thái Học,2
Nguyễn Phúc,2
Minh Bảo,2
Tuy Lộc,2
Âu Lâu,2
Giới Phiên,2
Hợp Minh,2
Thị xã Nghĩa Lộ,2
Pú Trạng,2
Trung Tâm,2
Cầu Thia,2
Nghĩa Lợi,2
Nghĩa Phúc,2
Nghĩa An,2
Nghĩa Lộ,2
Sơn A,2
Phù Nham,2
Hạnh Sơn,2
Thạch Lương,2
Lục Yên,2
Yên Thế,2
Tân Phượng,2
Lâm Thượng,2
Khánh Thiện,2
Minh Chuẩn,2
Khai Trung,2
Mường Lai,2
Tô Mậu,2
Tân Lĩnh,2
Yên Thắng,2
Khánh Hoà,2
Vĩnh Lạc,2
Liễu Đô,2
Động Quan,2
Minh Tiến,2
Trúc Lâu,2
Văn Yên,2
Mậu A,2
Lang Thíp,2
Lâm Giang,2
Châu Quế Thượng,2
Châu Quế Hạ,2
An Bình,2
Đông An,2
Đông Cuông,2
Phong Dụ Hạ,2
Mậu Đông,2
Ngòi A,2
Xuân Tầm,2
An Thịnh,2
Yên Thái,2
Phong Dụ Thượng,2
Yên Hợp,2
Đại Phác,2
Xuân Ái,2
Viễn Sơn,2
Mỏ Vàng,2
Nà Hẩu,2
Mù Căng Chải,2
Hồ Bốn,2
Nậm Có,2
Khao Mang,2
Mồ Dề,2
Chế Cu Nha,2
Kim Nọi,2
Cao Phạ,2
La Pán Tẩn,2
Dế Su Phình,2
Chế Tạo,2
Púng Luông,2
Nậm Khắt,2
Trấn Yên,2
Cổ Phúc,2
Tân Đồng,2
Báo Đáp,2
Đào Thịnh,2
Việt Thành,2
Hòa Cuông,2
Minh Quán,2
Quy Mông,2
Cường Thịnh,2
Kiên Thành,2
Nga Quán,2
Y Can,2
Lương Thịnh,2
Bảo Hưng,2
Việt Cường,2
Minh Quân,2
Hồng Ca,2
Hưng Khánh,2
Vân Hội,2
Trạm Tấu,2
Túc Đán,2
Pá Lau,2
Xà Hồ,2
Phình Hồ,2
Tà Si Láng,2
Pá Hu,2
Làng Nhì,2
Bản Công,2
Bản Mù,2
Hát Lìu,2
Văn Chấn,2
NT Liên Sơn,2
NT Trần Phú,2
Tú Lệ,2
Nậm Búng,2
Gia Hội,2
Sùng Đô,2
Nậm Mười,2
An Lương,2
Nậm Lành,2
Sơn Lương,2
Suối Quyền,2
Suối Giàng,2
Nghĩa Sơn,2
Suối Bu,2
Sơn Thịnh,2
Đại Lịch,2
Đồng Khê,2
Cát Thịnh,2
Chấn Thịnh,2
Bình Thuận,2
Thượng Bằng La,2
Minh An,2
Nghĩa Tâm,2
Thác Bà,2
Xuân Long,2
Cảm Nhân,2
Ngọc Chấn,2
Tân Nguyên,2
Bảo Ái,2
Mỹ Gia,2
Xuân Lai,2
Mông Sơn,2
Cảm Ân,2
Tân Hương,2
Phúc An,2
Bạch Hà,2
Vũ Linh,2
Vĩnh Kiên,2
Thịnh Hưng,2
Hán Đà,2
Đại Minh,2
Hoà Bình,1
Thịnh Lang,2
Hữu Nghị,2
Phương Lâm,2
Yên Mông,2
Quỳnh Lâm,2
Kỳ Sơn,2
Thịnh Minh,2
Mông Hóa,2
Đà Bắc,2
Nánh Nghê,2
Giáp Đắt,2
Mường Chiềng,2
Tân Pheo,2
Đồng Chum,2
Đồng Ruộng,2
Tú Lý,2
Yên Hòa,2
Toàn Sơn,2
Hiền Lương,2
Vầy Nưa,2
Lâm Sơn,2
Hòa Sơn,2
Tân Vinh,2
Nhuận Trạch,2
Cư Yên,2
Liên Sơn,2
Thanh Sơn,2
Kim Bôi,2
Bo,2
Đú Sáng,2
Hùng Sơn,2
Bình Sơn,2
Tú Sơn,2
Vĩnh Tiến,2
Đông Bắc,2
Xuân Thủy,2
Vĩnh Đồng,2
Kim Lập,2
Nam Thượng,2
Cuối Hạ,2
Sào Báy,2
Mi Hòa,2
Nuông Dăm,2
Cao Phong,2
Bình Thanh,2
Thung Nai,2
Thu Phong,2
Hợp Phong,2
Tây Phong,2
Dũng Phong,2
Thạch Yên,2
Tân Lạc,2
Mãn Đức,2
Suối Hoa,2
Phú Vinh,2
Mỹ Hòa,2
Quyết Chiến,2
Phong Phú,2
Tử Nê,2
Thanh Hối,2
Đông Lai,2
Nhân Mỹ,2
Lỗ Sơn,2
Ngổ Luông,2
Gia Mô,2
Mai Châu,2
Sơn Thủy,2
Pà Cò,2
Hang Kia,2
Cun Pheo,2
Bao La,2
Tòng Đậu,2
Nà Phòn,2
Săm Khóe,2
Chiềng Châu,2
Mai Hạ,2
Thành Sơn,2
Mai Hịch,2
Vạn Mai,2
Lạc Sơn,2
Vụ Bản,2
Quý Hòa,2
Miền Đồi,2
Tuân Đạo,2
Văn Nghĩa,2
Văn Sơn,2
Nhân Nghĩa,2
Bình Hẻm,2
Định Cư,2
Chí Đạo,2
Ngọc Sơn,2
Hương Nhượng,2
Vũ Bình,2
Yên Nghiệp,2
Ân Nghĩa,2
Ngọc Lâu,2
Yên Thủy,2
Hàng Trạm,2
Lạc Sỹ,2
Lạc Lương,2
Bảo Hiệu,2
Đa Phúc,2
Hữu Lợi,2
Lạc Thịnh,2
Phú Lai,2
Yên Trị,2
Ngọc Lương,2
Lạc Thủy,2
Ba Hàng Đồi,2
Chi Nê,2
Phú Thành,2
Hưng Thi,2
Khoan Dụ,2
Yên Bồng,2
Thái Nguyên,1
Thái Nguyên,2
Quán Triều,2
Túc Duyên,2
Trưng Vương,2
Phan Đình Phùng,2
Thịnh Đán,2
Gia Sàng,2
Cam Giá,2
Phú Xá,2
Phúc Hà,2
Phúc Xuân,2
Phúc Trìu,2
Thịnh Đức,2
Tích Lương,2
Tân Cương,2
Sơn Cẩm,2
Chùa Hang,2
Cao Ngạn,2
Linh Sơn,2
Đồng Bẩm,2
Huống Thượng,2
Đồng Liên,2
Sông Công,2
Mỏ Chè,2
Cải Đan,2
Phố Cò,2
Bách Quang,2
Bá Xuyên,2
Định Hóa,2
Chợ Chu,2
Linh Thông,2
Lam Vỹ,2
Quy Kỳ,2
Kim Phượng,2
Bảo Linh,2
Phúc Chu,2
Phượng Tiến,2
Bảo Cường,2
Đồng Thịnh,2
Định Biên,2
Thanh Định,2
Trung Hội,2
Trung Lương,2
Điềm Mặc,2
Phú Tiến,2
Bộc Nhiêu,2
Phú Đình,2
Bình Thành,2
Giang Tiên,2
Đu,2
Yên Trạch,2
Yên Đổ,2
Ôn Lương,2
Động Đạt,2
Phủ Lý,2
Tức Tranh,2
Phấn Mễ,2
Vô Tranh,2
Cổ Lũng,2
Đồng Hỷ,2
Trại Cau,2
Văn Lăng,2
Quang Sơn,2
Minh Lập,2
Văn Hán,2
Hóa Trung,2
Khe Mo,2
Cây Thị,2
Hóa Thượng,2
Tân Lợi,2
Nam Hòa,2
Võ Nhai,2
Đình Cả,2
Sảng Mộc,2
Nghinh Tường,2
Thần Xa,2
Vũ Chấn,2
Thượng Nung,2
Cúc Đường,2
La Hiên,2
Lâu Thượng,2
Tràng Xá,2
Phương Giao,2
Dân Tiến,2
Bình Long,2
Đại Từ,2
Quân Chu,2
Phúc Lương,2
Yên Lãng,2
Đức Lương,2
Na Mao,2
Phú Lạc,2
Tân Linh,2
Phục Linh,2
Bản Ngoại,2
Tiên Hội,2
Cù Vân,2
Hà Thượng,2
La Bằng,2
Hoàng Nông,2
Khôi Kỳ,2
Tân Thái,2
Lục Ba,2
Mỹ Yên,2
Vạn Thọ,2
Ký Phú,2
Cát Nê,2
Thị xã Phổ Yên,2
Bãi Bông,2
Ba Hàng,2
Phúc Thuận,2
Hồng Tiến,2
Đắc Sơn,2
Vạn Phái,2
Đông Cao,2
Thuận Thành,2
Bàn Đạt,2
Tân Khánh,2
Tân Kim,2
Đào Xá,2
Bảo Lý,2
Nhã Lộng,2
Điềm Thụy,2
Tân Đức,2
Úc Kỳ,2
Lương Phú,2
Nga My,2
Kha Sơn,2
Thanh Ninh,2
Dương Thành,2
Hà Châu,2
Lạng Sơn,1
Lạng Sơn,2
Tam Thanh,2
Vĩnh Trại,2
Đông Kinh,2
Chi Lăng,2
Hoàng Đồng,2
Quảng Lạc,2
Mai Pha,2
Tràng Định,2
Thất Khê,2
Khánh Long,2
Quốc Khánh,2
Cao Minh,2
Chí Minh,2
Đào Viên,2
Kháng Chiến,2
Quốc Việt,2
Hùng Việt,2
Bình Gia,2
Yên Lỗ,2
Thiện Hòa,2
Thiện Thuật,2
Thiện Long,2
Bình La,2
Tân Văn,2
Văn Lãng,2
Na Sầm,2
Bắc La,2
Bắc Hùng,2
Tân Tác,2
Hội Hoan,2
Bắc Việt,2
Hoàng Việt,2
Gia Miễn,2
Thành Hòa,2
Nhạc Kỳ,2
Cao Lộc,2
Đồng Đăng,2
Thanh Lòa,2
Cao Lâu,2
Thạch Đạn,2
Xuất Lễ,2
Lộc Yên,2
Hải Yến,2
Hòa Cư,2
Công Sơn,2
Gia Cát,2
Mẫu Sơn,2
Tân Liên,2
Văn Quan,2
Trấn Ninh,2
Liên Hội,2
Tú Xuyên,2
Điềm He,2
An Sơn,2
Khánh Khê,2
Lương Năng,2
Đồng Giáp,2
Bình Phúc,2
Tràng Các,2
Tân Đoàn,2
Tri Lễ,2
Tràng Phái,2
Yên Phúc,2
Hữu Lễ,2
Long Đống,2
Vạn Thủy,2
Đồng ý,2
Tân Tri,2
Bắc Quỳnh,2
Hưng Vũ,2
Vũ Sơn,2
Chiêu Vũ,2
Chiến Thắng,2
Vũ Lăng,2
Vũ Lễ,2
Nhất Hòa,2
Nhất Tiến,2
Hữu Lũng,2
Hữu Liên,2
Thiện Tân,2
Yên Vượng,2
Nhật Tiến,2
Cai Kinh,2
Hòa Lạc,2
Vân Nham,2
Hồ Sơn,2
Minh Hòa,2
Hòa Thắng,2
Đồng Mỏ,2
Vân An,2
Vân Thủy,2
Gia Lộc,2
Bắc Thủy,2
Mai Sao,2
Bằng Hữu,2
Thượng Cường,2
Bằng Mạc,2
Vạn Linh,2
Hữu Kiên,2
Quan Sơn,2
Y Tịch,2
Lộc Bình,2
Na Dương,2
Yên Khoái,2
Tú Mịch,2
Hữu Khánh,2
Đồng Bục,2
Tam Gia,2
Tú Đoạn,2
Khuất Xá,2
Tĩnh Bắc,2
Sàn Viên,2
Đông Quan,2
Minh Hiệp,2
Hữu Lân,2
Lợi Bác,2
Nam Quan,2
Ái Quốc,2
Đình Lập,2
NT Thái Bình,2
Bắc Xa,2
Bính Xá,2
Kiên Mộc,2
Lâm Ca,2
Bắc Lãng,2
Quảng Ninh,1
Hạ Long,2
Hà Khánh,2
Hà Phong,2
Hà Khẩu,2
Cao Xanh,2
Giếng Đáy,2
Hà Tu,2
Hà Trung,2
Hà Lầm,2
Bãi Cháy,2
Cao Thắng,2
Hùng Thắng,2
Hồng Hải,2
Hồng Gai,2
Tuần Châu,2
Hoành Bồ,2
Kỳ Thượng,2
Đồng Sơn,2
Đồng Lâm,2
Vũ Oai,2
Quảng La,2
Bằng Cả,2
Móng Cái,2
Ka Long,2
Ninh Dương,2
Hoà Lạc,2
Trà Cổ,2
Hải Sơn,2
Hải Đông,2
Hải Tiến,2
Hải Yên,2
Quảng Nghĩa,2
Hải Hoà,2
Hải Xuân,2
Vạn Ninh,2
Bình Ngọc,2
Vĩnh Trung,2
Vĩnh Thực,2
Cẩm Phả,2
Mông Dương,2
Cửa Ông,2
Cẩm Sơn,2
Cẩm Đông,2
Cẩm Phú,2
Cẩm Tây,2
Quang Hanh,2
Cẩm Thịnh,2
Cẩm Thủy,2
Cẩm Thạch,2
Cẩm Thành,2
Cẩm Trung,2
Cẩm Bình,2
Cẩm Hải,2
Dương Huy,2
Uông Bí,2
Vàng Danh,2
Nam Khê,2
Yên Thanh,2
Thượng Yên Công,2
Phương Đông,2
Phương Nam,2
Bình Liêu,2
Hoành Mô,2
Vô Ngại,2
Lục Hồn,2
Húc Động,2
Hà Lâu,2
Đại Dực,2
Phong Dụ,2
Điền Xá,2
Đông Ngũ,2
Yên Than,2
Đông Hải,2
Hải Lạng,2
Tiên Lãng,2
Đồng Rui,2
Đầm Hà,2
Tân Bình,2
Dực Yên,2
Quảng Tân,2
Đại Bình,2
Hải Hà,2
Quảng Hà,2
Quảng Đức,2
Quảng Sơn,2
Quảng Thành,2
Quảng Thịnh,2
Quảng Minh,2
Quảng Chính,2
Quảng Long,2
Đường Hoa,2
Quảng Phong,2
Cái Chiên,2
Ba Chẽ,2
Đạp Thanh,2
Lương Mông,2
Đồn Đạc,2
Minh Cầm,2
Vân Đồn,2
Cái Rồng,2
Đài Xuyên,2
Bình Dân,2
Đông Xá,2
Quan Lạn,2
Ngọc Vừng,2
Thị xã Đông Triều,2
Mạo Khê,2
Đông Triều,2
An Sinh,2
Tràng Lương,2
Bình Khê,2
Việt Dân,2
Tân Việt,2
Đức Chính,2
Tràng An,2
Thủy An,2
Hồng Thái Tây,2
Hồng Thái Đông,2
Hoàng Quế,2
Yên Thọ,2
Yên Đức,2
Thị xã Quảng Yên,2
Quảng Yên,2
Đông Mai,2
Minh Thành,2
Sông Khoai,2
Hiệp Hòa,2
Tiền An,2
Hoàng Tân,2
Yên Giang,2
Nam Hoà,2
Hà An,2
Cẩm La,2
Phong Hải,2
Yên Hải,2
Liên Hòa,2
Phong Cốc,2
Liên Vị,2
Cô Tô,2
Thanh Lân,2
Bắc Giang,1
Bắc Giang,2
Thọ Xương,2
Trần Nguyên Hãn,2
Mỹ Độ,2
Song Mai,2
Xương Giang,2
Đa Mai,2
Dĩnh Kế,2
Dĩnh Trì,2
Song Khê,2
Xuân Lương,2
Tam Tiến,2
Đồng Vương,2
Đồng Hưu,2
Tân Hiệp,2
Hương Vĩ,2
Đồng Kỳ,2
Phồn Xương,2
Tân Sỏi,2
Bố Hạ,2
Lan Giới,2
Nhã Nam,2
Tân Trung,2
Đại Hóa,2
An Dương,2
Hợp Đức,2
Lam Cốt,2
Cao Xá,2
Việt Ngọc,2
Song Vân,2
Ngọc Châu,2
Ngọc Vân,2
Việt Lập,2
Liên Chung,2
Ngọc Thiện,2
Ngọc Lý,2
Quế Nham,2
Lạng Giang,2
Vôi,2
Nghĩa Hòa,2
Nghĩa Hưng,2
Quang Thịnh,2
Đào Mỹ,2
Tiên Lục,2
An Hà,2
Kép,2
Mỹ Hà,2
Hương Lạc,2
Dương Đức,2
Mỹ Thái,2
Xương Lâm,2
Xuân Hương,2
Tân Dĩnh,2
Đại Lâm,2
Thái Đào,2
Lục Nam,2
Đồi Ngô,2
Đông Hưng,2
Đông Phú,2
Tam Dị,2
Bảo Sơn,2
Bảo Đài,2
Tiên Nha,2
Trường Giang,2
Phương Sơn,2
Chu Điện,2
Cương Sơn,2
Nghĩa Phương,2
Lan Mẫu,2
Khám Lạng,2
Huyền Sơn,2
Trường Sơn,2
Lục Sơn,2
Bắc Lũng,2
Vũ Xá,2
Cẩm Lý,2
Đan Hội,2
Lục Ngạn,2
Chũ,2
Cấm Sơn,2
Phong Minh,2
Xa Lý,2
Hộ Đáp,2
Thanh Hải,2
Kiên Lao,2
Biên Sơn,2
Hồng Giang,2
Tân Hoa,2
Giáp Sơn,2
Biển Động,2
Quý Sơn,2
Trù Hựu,2
Phì Điền,2
Đồng Cốc,2
Mỹ An,2
Nam Dương,2
Tân Mộc,2
Đèo Gia,2
Phượng Sơn,2
Sơn Động,2
An Châu,2
Tây Yên Tử,2
Giáo Liêm,2
Cẩm Đàn,2
Vĩnh An,2
Lệ Viễn,2
An Bá,2
Tuấn Đạo,2
Dương Hưu,2
Long Sơn,2
Thanh Luận,2
Yên Dũng,2
Nham Biền,2
Lão Hộ,2
Hương Gián,2
Quỳnh Sơn,2
Nội Hoàng,2
Xuân Phú,2
Tân Liễu,2
Trí Yên,2
Lãng Sơn,2
Yên Lư,2
Tiến Dũng,2
Cảnh Thụy,2
Tư Mại,2
Đồng Việt,2
Việt Yên,2
Thượng Lan,2
Nghĩa Trung,2
Hương Mai,2
Tự Lạn,2
Bích Động,2
Tiên Sơn,2
Tăng Tiến,2
Nếnh,2
Ninh Sơn,2
Vân Trung,2
Quang Châu,2
Hoàng Lương,2
Hoàng Vân,2
Hoàng Thanh,2
Hoàng An,2
Thắng,2
Lương Phong,2
Thường Thắng,2
Hợp Thịnh,2
Danh Thắng,2
Mai Trung,2
Đoan Bái,2
Bắc Lý,2
Xuân Cẩm,2
Hương Lâm,2
Châu Minh,2
Phú Thọ,1
Việt Trì,2
Dữu Lâu,2
Vân Cơ,2
Nông Trang,2
Gia Cẩm,2
Tiên Cát,2
Thọ Sơn,2
Thanh Miếu,2
Bạch Hạc,2
Bến Gót,2
Vân Phú,2
Phượng Lâu,2
Thụy Vân,2
Minh Phương,2
Minh Nông,2
Sông Lô,2
Kim Đức,2
Hùng Lô,2
Hy Cương,2
Chu Hóa,2
Thanh Đình,2
Thị xã Phú Thọ,2
Hùng Vương,2
Âu Cơ,2
Hà Lộc,2
Phú Hộ,2
Văn Lung,2
Hà Thạch,2
Thanh Vinh,2
Đoan Hùng,2
Hùng Xuyên,2
Bằng Luân,2
Vân Du,2
Phú Lâm,2
Bằng Doãn,2
Chí Đám,2
Phúc Lai,2
Ngọc Quan,2
Hợp Nhất,2
Sóc Đăng,2
Tây Cốc,2
Yên Kiện,2
Hùng Long,2
Vụ Quang,2
Tiêu Sơn,2
Chân Mộng,2
Ca Đình,2
Hạ Hoà,2
Đại Phạm,2
Đan Thượng,2
Hà Lương,2
Gia Điền,2
Ấm Hạ,2
Hương Xạ,2
Xuân Áng,2
Yên Kỳ,2
Minh Hạc,2
Lang Sơn,2
Bằng Giã,2
Yên Luật,2
Minh Côi,2
Vĩnh Chân,2
Thanh Ba,2
Vân Lĩnh,2
Đông Lĩnh,2
Đại An,2
Hanh Cù,2
Ninh Dân,2
Khải Xuân,2
Mạn Lạn,2
Hoàng Cương,2
Chí Tiên,2
Sơn Cương,2
Thanh Hà,2
Đỗ Sơn,2
Đỗ Xuyên,2
Lương Lỗ,2
Phù Ninh,2
Phú Mỹ,2
Lệ Mỹ,2
Liên Hoa,2
Trạm Thản,2
Trị,2
Trung Giáp,2
Tiên Phú,2
Hạ Giáp,2
Bảo Thanh,2
Phú Lộc,2
Gia Thanh,2
Tiên Du,2
Phú Nham,2
An Đạo,2
Mỹ Lung,2
Xuân An,2
Xuân Viên,2
Hưng Long,2
Nga Hoàng,2
Thượng Long,2
Ngọc Lập,2
Ngọc Đồng,2
Cẩm Khê,2
Tiên Lương,2
Ngô Xá,2
Phượng Vĩ,2
Thụy Liễu,2
Tùng Khê,2
Văn Bán,2
Cấp Dẫn,2
Xương Thịnh,2
Phú Khê,2
Sơn Tình,2
Yên Tập,2
Hương Lung,2
Tạ Xá,2
Chương Xá,2
Văn Khúc,2
Yên Dưỡng,2
Điêu Lương,2
Đồng Lương,2
Tam Nông,2
Hưng Hoá,2
Hiền Quan,2
Thanh Uyên,2
Lam Sơn,2
Vạn Xuân,2
Quang Húc,2
Hương Nộn,2
Tề Lễ,2
Thọ Văn,2
Dân Quyền,2
Lâm Thao,2
Tiên Kiên,2
Xuân Lũng,2
Xuân Huy,2
Thạch Sơn,2
Sơn Vi,2
Phùng Nguyên,2
Vĩnh Lại,2
Bản Nguyên,2
Sơn Hùng,2
Địch Quả,2
Giáp Lai,2
Thục Luyện,2
Võ Miếu,2
Thạch Khoán,2
Cự Thắng,2
Tất Thắng,2
Cự Đồng,2
Thắng Sơn,2
Hương Cần,2
Khả Cửu,2
Đông Cửu,2
Yên Lương,2
Thượng Cửu,2
Lương Nha,2
Tinh Nhuệ,2
Thanh Thuỷ,2
Thạch Đồng,2
Xuân Lộc,2
Tân Phương,2
Đoan Hạ,2
Đồng Trung,2
Hoàng Xá,2
Tu Vũ,2
Thu Cúc,2
Thạch Kiệt,2
Thu Ngạc,2
Kiệt Sơn,2
Lai Đồng,2
Mỹ Thuận,2
Xuân Đài,2
Minh Đài,2
Văn Luông,2
Long Cốc,2
Kim Thượng,2
Vinh Tiền,2
Vĩnh Phúc,1
Tích Sơn,2
Liên Bảo,2
Hội Hợp,2
Định Trung,2
Khai Quang,2
Thanh Trù,2
Trưng Trắc,2
Trưng Nhị,2
Phúc Thắng,2
Ngọc Thanh,2
Nam Viêm,2
Tiền Châu,2
Lập Thạch,2
Hợp Lý,2
Bắc Bình,2
Liễn Sơn,2
Vân Trục,2
Tử Du,2
Bàn Giản,2
Xuân Lôi,2
Đồng Ích,2
Tiên Lữ,2
Đình Chu,2
Triệu Đề,2
Tam Dương,2
Hoàng Hoa,2
Đồng Tĩnh,2
Kim Long,2
Hướng Đạo,2
Đạo Tú,2
An Hòa,2
Duy Phiên,2
Hoàng Đan,2
Hoàng Lâu,2
Tam Đảo,2
Hợp Châu,2
Đạo Trù,2
Yên Dương,2
Bồ Lý,2
Đại Đình,2
Tam Quan,2
Bình Xuyên,2
Hương Canh,2
Gia Khánh,2
Trung Mỹ,2
Bá Hiến,2
Tam Hợp,2
Quất Lưu,2
Sơn Lôi,2
Thanh Lãng,2
Phú Xuân,2
Đồng Cương,2
Bình Định,2
Trung Nguyên,2
Tề Lỗ,2
Tam Hồng,2
Yên Đồng,2
Văn Tiến,2
Nguyệt Đức,2
Yên Phương,2
Hồng Phương,2
Trung Kiên,2
Đại Tự,2
Hồng Châu,2
Vĩnh Tường,2
Kim Xá,2
Chấn Hưng,2
Việt Xuân,2
Bồ Sao,2
Lũng Hoà,2
Cao Đại,2
Thị Trấn Thổ Tang,2
Vĩnh Sơn,2
Thượng Trưng,2
Vũ Di,2
Lý Nhân,2
Tuân Chính,2
Vân Xuân,2
Tam Phúc,2
Tứ Trưng,2
Ngũ Kiên,2
Vĩnh Thịnh,2
Phú Đa,2
Vĩnh Ninh,2
Lãng Công,2
Quang Yên,2
Bạch Lưu,2
Hải Lựu,2
Đồng Quế,2
Nhân Đạo,2
Đôn Nhân,2
Phương Khoan,2
Nhạo Sơn,2
Như Thụy,2
Yên Thạch,2
Tứ Yên,2
Đức Bác,2
Bắc Ninh,1
Bắc Ninh,2
Vũ Ninh,2
Đáp Cầu,2
Thị Cầu,2
Kinh Bắc,2
Vệ An,2
Đại Phúc,2
Ninh Xá,2
Võ Cường,2
Hòa Long,2
Vạn An,2
Khúc Xuyên,2
Phong Khê,2
Kim Chân,2
Vân Dương,2
Khắc Niệm,2
Hạp Lĩnh,2
Chờ,2
Dũng Liệt,2
Tam Giang,2
Thụy Hòa,2
Hòa Tiến,2
Đông Tiến,2
Trung Nghĩa,2
Long Châu,2
Văn Môn,2
Quế Võ,2
Phố Mới,2
Việt Thống,2
Đại Xuân,2
Nhân Hòa,2
Bằng An,2
Phương Liễu,2
Quế Tân,2
Phù Lương,2
Phù Lãng,2
Phượng Mao,2
Ngọc Xá,2
Châu Phong,2
Bồng Lai,2
Cách Bi,2
Yên Giả,2
Mộ Đạo,2
Hán Quảng,2
Lim,2
Nội Duệ,2
Liên Bão,2
Hiên Vân,2
Hoàn Sơn,2
Lạc Vệ,2
Việt Đoàn,2
Phật Tích,2
Tân Chi,2
Minh Đạo,2
Cảnh Hưng,2
Thị xã Từ Sơn,2
Đông Ngàn,2
Hương Mạc,2
Tương Giang,2
Phù Khê,2
Đồng Kỵ,2
Trang Hạ,2
Đồng Nguyên,2
Châu Khê,2
Tân Hồng,2
Đình Bảng,2
Phù Chẩn,2
Hồ,2
Hoài Thượng,2
Đại Đồng Thành,2
Mão Điền,2
Song Hồ,2
Đình Tổ,2
Trí Quả,2
Gia Đông,2
Thanh Khương,2
Trạm Lộ,2
Xuân Lâm,2
Hà Mãn,2
Ngũ Thái,2
Nghĩa Đạo,2
Song Liễu,2
Gia Bình,2
Thái Bảo,2
Giang Sơn,2
Cao Đức,2
Đại Lai,2
Song Giang,2
Lãng Ngâm,2
Nhân Thắng,2
Đông Cứu,2
Đại Bái,2
Quỳnh Phú,2
Lương Tài,2
Thứa,2
Trung Kênh,2
Phú Hòa,2
Mỹ Hương,2
Tân Lãng,2
Quảng Phú,2
Trừng Xá,2
Lai Hạ,2
Trung Chính,2
Hải Dương,1
Hải Dương,2
Cẩm Thượng,2
Bình Hàn,2
Nhị Châu,2
Phạm Ngũ Lão,2
Lê Thanh Nghị,2
Hải Tân,2
Tứ Minh,2
Việt Hoà,2
Tiền Tiến,2
Thạch Khôi,2
Gia Xuyên,2
Chí Linh,2
Phả Lại,2
Sao Đỏ,2
Bến Tắm,2
Hoàng Hoa Thám,2
Bắc An,2
Hoàng Tiến,2
Cộng Hoà,2
Cổ Thành,2
Văn An,2
Nhân Huệ,2
Nam Sách,2
Nam Hưng,2
Nam Tân,2
Hiệp Cát,2
Thanh Quang,2
Quốc Tuấn,2
Nam Chính,2
Nam Trung,2
Thái Tân,2
An Lâm,2
Phú Điền,2
Thị xã Kinh Môn,2
An Lưu,2
Thất Hùng,2
Lê Ninh,2
Hoành Sơn,2
Phạm Thái,2
Duy Tân,2
Phú Thứ,2
Thăng Long,2
Lạc Long,2
Hiệp Sơn,2
Thượng,2
An Phụ,2
Hiệp An,2
Thái Thịnh,2
Hiến Thành,2
Kim Thành,2
Phú Thái,2
Lai Vu,2
Thượng Vũ,2
Cổ Dũng,2
Tuấn Việt,2
Kim Xuyên,2
Phúc Thành A,2
Ngũ Phúc,2
Kim Anh,2
Kim Đính,2
Tam Kỳ,2
Đồng Cẩm,2
Đại Đức,2
Cẩm Chế,2
Thanh Lang,2
Thanh Khê,2
Thanh Xá,2
An Phượng,2
Thanh Hồng,2
Thanh Cường,2
Vĩnh Lập,2
Cẩm Giang,2
Lai Cách,2
Cẩm Hưng,2
Cẩm Hoàng,2
Cẩm Văn,2
Ngọc Liên,2
Thạch Lỗi,2
Cẩm Vũ,2
Định Sơn,2
Lương Điền,2
Cao An,2
Tân Trường,2
Cẩm Phúc,2
Cẩm Điền,2
Cẩm Đoài,2
Bình Giang,2
Kẻ Sặt,2
Vĩnh Hồng,2
Thúc Kháng,2
Hồng Khê,2
Cổ Bì,2
Nhân Quyền,2
Thái Dương,2
Gia Tân,2
Gia Lương,2
Toàn Thắng,2
Hồng Hưng,2
Phạm Trấn,2
Đoàn Thượng,2
Thống Kênh,2
Đức Xương,2
Tứ Kỳ,2
Ngọc Kỳ,2
Bình Lăng,2
Tái Sơn,2
Quang Phục,2
Tân Kỳ,2
Quang Khải,2
Đại Hợp,2
Quảng Nghiệp,2
An Thanh,2
Văn Tố,2
Phượng Kỳ,2
Cộng Lạc,2
Tiên Động,2
Nguyên Giáp,2
Hà Kỳ,2
Hà Thanh,2
Ninh Giang,2
Ứng Hoè,2
Hồng Đức,2
An Đức,2
Vĩnh Hòa,2
Đông Xuyên,2
Ninh Hải,2
Kiến Quốc,2
Hồng Dụ,2
Văn Hội,2
Hồng Phúc,2
Thanh Miện,2
Thanh Tùng,2
Phạm Kha,2
Đoàn Tùng,2
Lê Hồng,2
Tứ Cường,2
Ngũ Hùng,2
Chi Lăng Bắc,2
Chi Lăng Nam,2
Thanh Giang,2
Hải Phòng,1
Hồng Bàng,2
Quán Toan,2
Sở Dầu,2
Thượng Lý,2
Hạ Lý,2
Trại Chuối,2
Phan Bội Châu,2
Máy Chai,2
Máy Tơ,2
Vạn Mỹ,2
Cầu Tre,2
Lạc Viên,2
Gia Viên,2
Cầu Đất,2
Đằng Giang,2
Lạch Tray,2
Đổng Quốc Bình,2
Lê Chân,2
Cát Dài,2
An Biên,2
Hồ Nam,2
Dư Hàng,2
Hàng Kênh,2
Niệm Nghĩa,2
Nghĩa Xá,2
Dư Hàng Kênh,2
Kênh Dương,2
Vĩnh Niệm,2
Hải An,2
Đông Hải 1,2
Đông Hải 2,2
Đằng Lâm,2
Thành Tô,2
Đằng Hải,2
Nam Hải,2
Cát Bi,2
Tràng Cát,2
Kiến An,2
Quán Trữ,2
Lãm Hà,2
Đồng Hoà,2
Trần Thành Ngọ,2
Văn Đẩu,2
Phù Liễn,2
Tràng Minh,2
Đồ Sơn,2
Ngọc Xuyên,2
Vạn Hương,2
Bàng La,2
Dương Kinh,2
Anh Dũng,2
Hải Thành,2
Hoà Nghĩa,2
Thuỷ Nguyên,2
Núi Đèo,2
Lại Xuân,2
Liên Khê,2
Lưu Kiếm,2
Lưu Kỳ,2
Gia Minh,2
Gia Đức,2
Quảng Thanh,2
Chính Mỹ,2
Kênh Giang,2
Cao Nhân,2
Mỹ Đồng,2
Hoà Bình,2
An Lư,2
Thuỷ Triều,2
Phục Lễ,2
Phả Lễ,2
Lập Lễ,2
Kiền Bái,2
Thiên Hương,2
Thuỷ Sơn,2
Thuỷ Đường,2
Hoàng Động,2
Lâm Động,2
Hoa Động,2
Dương Quan,2
Lê Thiện,2
Đại Bản,2
An Hoà,2
An Hưng,2
An Hồng,2
Đặng Cương,2
An Đồng,2
An Lão,2
Bát Trang,2
Trường Thọ,2
Trường Thành,2
Quang Hưng,2
Tân Viên,2
An Thọ,2
An Thái,2
Kiến Thuỵ,2
Núi Đối,2
Đông Phương,2
Thuận Thiên,2
Du Lễ,2
Thuỵ Hương,2
Đại Hà,2
Ngũ Đoan,2
Đoàn Xá,2
Tiên Cường,2
Tự Cường,2
Khởi Nghĩa,2
Tiên Thanh,2
Đoàn Lập,2
Tiên Thắng,2
Tiên Minh,2
Bắc Hưng,2
Tây Hưng,2
Vĩnh Bảo,2
Thắng Thuỷ,2
Trung Lập,2
Vĩnh Long,2
Hiệp Hoà,2
Nhân Hoà,2
Hưng Nhân,2
Đồng Minh,2
Liên Am,2
Lý Học,2
Tam Cường,2
Cộng Hiền,2
Cổ Am,2
Trấn Dương,2
Cát Hải,2
Cát Bà,2
Đồng Bài,2
Hoàng Châu,2
Văn Phong,2
Phù Long,2
Gia Luận,2
Hiền Hào,2
Trân Châu,2
Việt Hải,2
Xuân Đám,2
Bạch Long Vĩ,2
,2
Hưng Yên,1
Hưng Yên,2
Hiến Nam,2
An Tảo,2
Quảng Châu,2
Bảo Khê,2
Hùng Cường,2
Phương Chiểu,2
Hoàng Hanh,2
Văn Lâm,2
Như Quỳnh,2
Lạc Đạo,2
Chỉ Đạo,2
Đình Dù,2
Minh Hải,2
Lạc Hồng,2
Văn Giang,2
Xuân Quan,2
Cửu Cao,2
Phụng Công,2
Nghĩa Trụ,2
Long Hưng,2
Vĩnh Khúc,2
Liên Nghĩa,2
Mễ Sở,2
Giai Phạm,2
Nghĩa Hiệp,2
Đồng Than,2
Liêu Xá,2
Hoàn Long,2
Lý Thường Kiệt,2
Thị xã Mỹ Hào,2
Bần Yên Nhân,2
Cẩm Xá,2
Hòa Phong,2
Dị Sử,2
Bạch Sam,2
Xuân Dục,2
Ân Thi,2
Phù Ủng,2
Bãi Sậy,2
Đào Dương,2
Tân Phúc,2
Xuân Trúc,2
Quảng Lãng,2
Văn Nhuệ,2
Đặng Lễ,2
Cẩm Ninh,2
Đa Lộc,2
Hồ Tùng Mậu,2
Hạ Lễ,2
Khoái Châu,2
Đông Tảo,2
Dạ Trạch,2
Hàm Tử,2
Ông Đình,2
Tứ Dân,2
An Vĩ,2
Đông Kết,2
Bình Kiều,2
Tân Châu,2
Phùng Hưng,2
Việt Hòa,2
Đông Ninh,2
Đại Tập,2
Chí Tân,2
Thuần Hưng,2
Nhuế Dương,2
Kim Động,2
Nghĩa Dân,2
Vĩnh Xá,2
Thọ Vinh,2
Đồng Thanh,2
Chính Nghĩa,2
Nhân La,2
Đức Hợp,2
Hiệp Cường,2
Vương,2
Dị Chế,2
Lệ Xá,2
An Viên,2
Trung Dũng,2
Hải Triều,2
Thủ Sỹ,2
Thiện Phiến,2
Thụy Lôi,2
Cương Chính,2
Minh Phượng,2
Phù Cừ,2
Trần Cao,2
Phan Sào Nam,2
Minh Hoàng,2
Đoàn Đào,2
Tống Phan,2
Đình Cao,2
Nhật Quang,2
Nguyên Hòa,2
Tống Trân,2
Thái Bình,1
Lê Hồng Phong,2
Bồ Xuyên,2
Kỳ Bá,2
Phú Khánh,2
Trần Lãm,2
Đông Hòa,2
Vũ Phúc,2
Vũ Chính,2
Vũ Đông,2
Vũ Lạc,2
Quỳnh Phụ,2
Quỳnh Côi,2
An Khê,2
Quỳnh Hoa,2
Quỳnh Thọ,2
An Hiệp,2
Quỳnh Hoàng,2
Quỳnh Giao,2
An Cầu,2
Quỳnh Hồng,2
Quỳnh Khê,2
Quỳnh Minh,2
An Ninh,2
Quỳnh Ngọc,2
Quỳnh Hải,2
An Bài,2
An Ấp,2
Quỳnh Hội,2
Quỳnh Mỹ,2
An Quí,2
An Vũ,2
An Lễ,2
Quỳnh Hưng,2
Quỳnh Bảo,2
Quỳnh Nguyên,2
An Vinh,2
Quỳnh Xá,2
An Dục,2
Quỳnh Trang,2
An Tràng,2
Hưng Hà,2
Điệp Nông,2
Tân Lễ,2
Hùng Dũng,2
Văn Cẩm,2
Đông Đô,2
Tây Đô,2
Tiến Đức,2
Thái Hưng,2
Thái Phương,2
Hồng Lĩnh,2
Chí Hòa,2
Đô Lương,2
Liên Giang,2
Đông Cường,2
Lô Giang,2
Nguyên Xá,2
Đông Hợp,2
Đông Các,2
Đông Tân,2
Đông Vinh,2
Đông Động,2
Hồng Bạch,2
Trọng Quan,2
Đông Á,2
Đông Hoàng,2
Đông Dương,2
Thái Thụy,2
Diêm Điền,2
Thụy Trường,2
Hồng Dũng,2
Thụy Quỳnh,2
An Tân,2
Thụy Ninh,2
Thụy Hưng,2
Thụy Việt,2
Thụy Văn,2
Thụy Xuân,2
Dương Phúc,2
Thụy Trình,2
Thụy Bình,2
Thụy Chính,2
Thụy Dân,2
Thụy Hải,2
Thụy Liên,2
Thụy Duyên,2
Thụy Thanh,2
Thụy Sơn,2
Thụy Phong,2
Thái Thượng,2
Dương Hồng  Thủy,2
Thái Giang,2
Thái Phúc,2
Thái Đô,2
Thái Xuyên,2
Mỹ Lộc,2
Tân Học,2
Thuần Thành,2
Thái Thọ,2
Tiền Hải,2
Đông Trà,2
Đông Long,2
Đông Quí,2
Tây Lương,2
Tây Ninh,2
Đông Trung,2
Đông Cơ,2
Tây Giang,2
Đông Lâm,2
Phương Công,2
Tây Tiến,2
Vân Trường,2
Nam Thắng,2
Bắc Hải,2
Nam Thịnh,2
Nam Hà,2
Nam Phú,2
Kiến Xương,2
Trà Giang,2
Tây Sơn,2
Bình Nguyên,2
Thanh Tân,2
Thượng Hiền,2
Vũ An,2
Quang Lịch,2
Vũ Quí,2
Vũ Trung,2
Vũ Thắng,2
Vũ Công,2
Vũ Hòa,2
Nam Bình,2
Vũ Thư,2
Hồng Lý,2
Phúc Thành,2
Song Lãng,2
Minh Lãng,2
Dũng Nghĩa,2
Tam Quang,2
Bách Thuận,2
Tự Tân,2
Song An,2
Trung An,2
Vũ Hội,2
Việt Thuận,2
Vũ Vinh,2
Vũ Đoài,2
Vũ Tiến,2
Vũ Vân,2
Duy Nhất,2
Hà Nam,1
Lương Khánh Thiện,2
Lam Hạ,2
Phù Vân,2
Liêm Chính,2
Liêm Chung,2
Thanh Châu,2
Tiên Tân,2
Tiên Hiệp,2
Tiên Hải,2
Liêm Tuyền,2
Liêm Tiết,2
Thanh Tuyền,2
Đinh Xá,2
Trịnh Xá,2
Thị xã Duy Tiên,2
Hòa Mạc,2
Mộc Bắc,2
Châu Giang,2
Bạch Thượng,2
Duy Minh,2
Mộc Nam,2
Duy Hải,2
Chuyên Ngoại,2
Yên Bắc,2
Trác Văn,2
Tiên Nội,2
Hoàng Đông,2
Yên Nam,2
Tiên Ngoại,2
Kim Bảng,2
Quế,2
Nguyễn Úy,2
Đại Cương,2
Lê Hồ,2
Tượng Lĩnh,2
Nhật Tựu,2
Đồng Hóa,2
Hoàng Tây,2
Văn Xá,2
Khả Phong,2
Ba Sao,2
Thi Sơn,2
Thanh Liêm,2
Kiện Khê,2
Liêm Phong,2
Liêm Cần,2
Liêm Thuận,2
Thanh Phong,2
Liêm Túc,2
Liêm Sơn,2
Thanh Hương,2
Thanh Nghị,2
Thanh Tâm,2
Thanh Nguyên,2
Bình Lục,2
Bình Mỹ,2
Bình Nghĩa,2
Đồng Du,2
Ngọc Lũ,2
Hưng Công,2
Đồn Xá,2
Bối Cầu,2
An Nội,2
Vũ Bản,2
An Đổ,2
La Sơn,2
Tiêu Động,2
Nguyên Lý,2
Chính Lý,2
Chân Lý,2
Đạo Lý,2
Công Lý,2
Văn Lý,2
Đức Lý,2
Vĩnh Trụ,2
Nhân Thịnh,2
Nhân Khang,2
Nhân Bình,2
Phú Phúc,2
Xuân Khê,2
Hòa Hậu,2
Nam Định,1
Nam Định,2
Trần Tế Xương,2
Vị Hoàng,2
Cửa Bắc,2
Bà Triệu,2
Trường Thi,2
Trần Đăng Ninh,2
Năng Tĩnh,2
Trần Quang Khải,2
Lộc Hạ,2
Lộc Vượng,2
Lộc Hòa,2
Mỹ Xá,2
Lộc An,2
Nam Vân,2
Mỹ Tiến,2
Mỹ Thắng,2
Mỹ Trung,2
Mỹ Tân,2
Mỹ Phúc,2
Mỹ Thịnh,2
Gôi,2
Minh Thuận,2
Hiển Khánh,2
Hợp Hưng,2
Thành Lợi,2
Kim Thái,2
Vĩnh Hào,2
Ý Yên,2
Lâm,2
Yên Tân,2
Yên Lợi,2
Yên Chính,2
Yên Khánh,2
Yên Hồng,2
Yên Quang,2
Yên Tiến,2
Yên Lộc,2
Yên Bằng,2
Yên Khang,2
Yên Nhân,2
Liễu Đề,2
Nghĩa Đồng,2
Nghĩa Thịnh,2
Nghĩa Minh,2
Nghĩa Thái,2
Hoàng Nam,2
Nghĩa Châu,2
Nghĩa Lạc,2
Nghĩa Hồng,2
Nghĩa Phong,2
Nghĩa Phú,2
Nghĩa Bình,2
Quỹ Nhất,2
Nghĩa Hùng,2
Nghĩa Lâm,2
Nghĩa Thành,2
Nghĩa Hải,2
Nam Điền,2
Nam Trực,2
Nam Giang,2
Nam Mỹ,2
Nam Toàn,2
Nam Hùng,2
Nam Hoa,2
Nam Lợi,2
Nam Thái,2
Trực Ninh,2
Cổ Lễ,2
Phương Định,2
Trực Chính,2
Trung Đông,2
Liêm Hải,2
Trực Tuấn,2
Trực Đạo,2
Trực Hưng,2
Trực Nội,2
Cát Thành,2
Trực Thanh,2
Trực Khang,2
Trực Thuận,2
Trực Mỹ,2
Trực Đại,2
Trực Cường,2
Ninh Cường,2
Trực Thái,2
Trực Hùng,2
Trực Thắng,2
Xuân Châu,2
Xuân Hồng,2
Xuân Thành,2
Xuân Phong,2
Xuân Tân,2
Xuân Ngọc,2
Xuân Bắc,2
Thọ Nghiệp,2
Xuân Trung,2
Xuân Vinh,2
Xuân Kiên,2
Xuân Tiến,2
Xuân Ninh,2
Giao Thủy,2
Ngô Đồng,2
Quất Lâm,2
Giao Hương,2
Hồng Thuận,2
Giao Thiện,2
Giao Thanh,2
Bình Hòa,2
Giao Tiến,2
Giao Hà,2
Giao Nhân,2
Giao An,2
Giao Lạc,2
Giao Châu,2
Giao Tân,2
Giao Yến,2
Giao Xuân,2
Giao Thịnh,2
Giao Hải,2
Bạch Long,2
Giao Long,2
Giao Phong,2
Hải Hậu,2
Cồn,2
Thịnh Long,2
Hải Nam,2
Hải Trung,2
Hải Vân,2
Hải Minh,2
Hải Anh,2
Hải Hưng,2
Hải Bắc,2
Hải Phúc,2
Hải Thanh,2
Hải Long,2
Hải Phương,2
Hải Đường,2
Hải Lộc,2
Hải Quang,2
Hải Phong,2
Hải Tây,2
Hải Lý,2
Hải Phú,2
Hải Giang,2
Hải Cường,2
Hải Ninh,2
Hải Chính,2
Hải Châu,2
Hải Hòa,2
Ninh Bình,1
Ninh Bình,2
Vân Giang,2
Bích Đào,2
Nam Thành,2
Ninh Khánh,2
Ninh Nhất,2
Ninh Tiến,2
Ninh Phúc,2
Ninh Phong,2
Tam Điệp,2
Nho Quan,2
Xích Thổ,2
Gia Sơn,2
Thạch Bình,2
Gia Thủy,2
Gia Tường,2
Cúc Phương,2
Lạc Vân,2
Đồng Phong,2
Lạng Phong,2
Thượng Hòa,2
Văn Phương,2
Thanh Lạc,2
Sơn Lai,2
Kỳ Phú,2
Quỳnh Lưu,2
Phú Long,2
Gia Viễn,2
Me,2
Gia Hòa,2
Gia Hưng,2
Gia Vân,2
Gia Xuân,2
Gia Lập,2
Gia Vượng,2
Gia Trấn,2
Gia Thịnh,2
Gia Phương,2
Gia Thắng,2
Gia Trung,2
Gia Lạc,2
Gia Tiến,2
Gia Sinh,2
Gia Phong,2
Hoa Lư,2
Thiên Tôn,2
Ninh Khang,2
Ninh Mỹ,2
Ninh Hòa,2
Ninh Xuân,2
Ninh Thắng,2
Ninh Vân,2
Ninh An,2
Khánh Tiên,2
Khánh Phú,2
Khánh Hòa,2
Khánh Lợi,2
Khánh An,2
Khánh Cường,2
Khánh Cư,2
Khánh Hải,2
Khánh Trung,2
Khánh Mậu,2
Khánh Vân,2
Khánh Hội,2
Khánh Công,2
Khánh Thành,2
Khánh Nhạc,2
Khánh Thủy,2
Khánh Hồng,2
Phát Diệm,2
Hồi Ninh,2
Xuân Chính,2
Kim Định,2
Ân Hòa,2
Quang Thiện,2
Như Hòa,2
Chất Bình,2
Đồng Hướng,2
Kim Chính,2
Thượng Kiệm,2
Lưu Phương,2
Lai Thành,2
Văn Hải,2
Kim Mỹ,2
Cồn Thoi,2
Kim Hải,2
Kim Trung,2
Kim Đông,2
Yên Mô,2
Khánh Dương,2
Khánh Thịnh,2
Yên Từ,2
Yên Mạc,2
Thanh Hóa,1
Thanh Hóa,2
Nam Ngạn,2
Ngọc Trạo,2
Đông Vệ,2
Đông Cương,2
Đông Hương,2
Quảng Thắng,2
Thiệu Vân,2
Thiệu Khánh,2
Thiệu Dương,2
Tào Xuyên,2
Long Anh,2
Hoằng Quang,2
Hoằng Đại,2
Quảng Đông,2
Quảng Cát,2
Quảng Tâm,2
Thị xã Bỉm Sơn,2
Sầm Sơn,2
Quảng Cư,2
Quảng Tiến,2
Quảng Hùng,2
Quảng Thọ,2
Quảng Vinh,2
Quảng Đại,2
Mường Lát,2
Tam Chung,2
Mường Lý,2
Trung Lý,2
Quang Chiểu,2
Pù Nhi,2
Nhi Sơn,2
Mường Chanh,2
Quan Hóa,2
Hồi Xuân,2
Phú Thanh,2
Phú Lệ,2
Hiền Chung,2
Hiền Kiệt,2
Thiên Phủ,2
Phú Nghiêm,2
Nam Xuân,2
Nam Động,2
Bá Thước,2
Cành Nàng,2
Điền Thượng,2
Điền Hạ,2
Điền Quang,2
Điền Trung,2
Lương Ngoại,2
Ái Thượng,2
Lương Nội,2
Điền Lư,2
Lương Trung,2
Lũng Niêm,2
Lũng Cao,2
Hạ Trung,2
Thành Lâm,2
Ban Công,2
Kỳ Tân,2
Văn Nho,2
Thiết Ống,2
Thiết Kế,2
Trung Xuân,2
Trung Thượng,2
Trung Tiến,2
Trung Hạ,2
Na Mèo,2
Sơn Lư,2
Tam Lư,2
Sơn Điện,2
Mường Mìn,2
Lang Chánh,2
Yên Khương,2
Trí Nang,2
Tam Văn,2
Lâm Phú,2
Ngọc Lặc,2
Thị Trấn Ngọc Lặc,2
Thúy Sơn,2
Thạch Lập,2
Vân Âm,2
Cao Ngọc,2
Lộc Thịnh,2
Cao Thịnh,2
Ngọc Trung,2
Phùng Giáo,2
Phùng Minh,2
Nguyệt Ấn,2
Kiên Thọ,2
Phong Sơn,2
Cẩm Quý,2
Cẩm Lương,2
Cẩm Liên,2
Cẩm Tú,2
Cẩm Châu,2
Cẩm Tâm,2
Cẩm Ngọc,2
Cẩm Long,2
Cẩm Tân,2
Cẩm Vân,2
Thạch Thành,2
Thạch Quảng,2
Thạch Tượng,2
Thạch Cẩm,2
Thạch Định,2
Thạch Long,2
Thành Mỹ,2
Thành Yên,2
Thành Vinh,2
Thành Minh,2
Thành Tân,2
Thành Trực,2
Thành Tâm,2
Thành An,2
Thành Thọ,2
Thành Tiến,2
Thành Hưng,2
Hà Long,2
Hà Vinh,2
Hà Bắc,2
Hoạt Giang,2
Lĩnh Toại,2
Hà Ngọc,2
Yến Sơn,2
Hà Sơn,2
Hà Lĩnh,2
Hà Tân,2
Hà Tiến,2
Hà Bình,2
Hà Lai,2
Hà Thái,2
Hà Hải,2
Vĩnh Hùng,2
Yên Tâm,2
Quý Lộc,2
Yên Trường,2
Yên Hùng,2
Định Tăng,2
Định Hòa,2
Định Thành,2
Định Tân,2
Định Tiến,2
Định Long,2
Định Liên,2
Quán Lào,2
Định Hưng,2
Định Hải,2
Định Bình,2
Bắc Lương,2
Thọ Hải,2
Xuân Sinh,2
Xuân Hưng,2
Thọ Diên,2
Thọ Lâm,2
Xuân Bái,2
Sao Vàng,2
Xuân Thiên,2
Thuận Minh,2
Thọ Lập,2
Xuân Tín,2
Trường Xuân,2
Thường Xuân,2
Bát Mọt,2
Xuân Lẹ,2
Xuân Cao,2
Luận Thành,2
Luận Khê,2
Xuân Thắng,2
Thọ Thanh,2
Ngọc Phụng,2
Xuân Chinh,2
Triệu Sơn,2
Thọ Bình,2
Thọ Tiến,2
Triệu Thành,2
Hợp Thắng,2
Dân Lực,2
Dân Lý,2
An Nông,2
Nưa,2
Đồng Lợi,2
Tiến Nông,2
Khuyến Nông,2
Xuân Thịnh,2
Thọ Dân,2
Xuân Thọ,2
Thọ Tân,2
Thọ Ngọc,2
Thọ Cường,2
Thọ Phú,2
Thọ Vực,2
Thọ Thế,2
Nông Trường,2
Thiệu Hóa,2
Thiệu Ngọc,2
Thiệu Vũ,2
Thiệu Phúc,2
Thiệu Tiến,2
Thiệu Công,2
Thiệu Phú,2
Thiệu Long,2
Thiệu Giang,2
Thiệu Duy,2
Thiệu Nguyên,2
Thiệu Hợp,2
Thiệu Thịnh,2
Thiệu Quang,2
Thiệu Thành,2
Thiệu Toán,2
Thiệu Chính,2
Thiệu Hòa,2
Thiệu Viên,2
Thiệu Lý,2
Thiệu Vận,2
Thiệu Trung,2
Thiệu Giao,2
Hoằng Hóa,2
Bút Sơn,2
Hoằng Giang,2
Hoằng Xuân,2
Hoằng Phượng,2
Hoằng Phú,2
Hoằng Quỳ,2
Hoằng Kim,2
Hoằng Trung,2
Hoằng Trinh,2
Hoằng Sơn,2
Hoằng Cát,2
Hoằng Xuyên,2
Hoằng Quý,2
Hoằng Hợp,2
Hoằng Đức,2
Hoằng Hà,2
Hoằng Đạt,2
Hoằng Đạo,2
Hoằng Thắng,2
Hoằng Đồng,2
Hoằng Thái,2
Hoằng Thịnh,2
Hoằng Thành,2
Hoằng Lộc,2
Hoằng Trạch,2
Hoằng Phong,2
Hoằng Lưu,2
Hoằng Châu,2
Hoằng Tân,2
Hoằng Yến,2
Hoằng Tiến,2
Hoằng Hải,2
Hoằng Ngọc,2
Hoằng Đông,2
Hoằng Thanh,2
Hoằng Phụ,2
Hoằng Trường,2
Hậu Lộc,2
Đồng Lộc,2
Đại Lộc,2
Triệu Lộc,2
Tiến Lộc,2
Lộc Sơn,2
Cầu Lộc,2
Thành Lộc,2
Phong Lộc,2
Thuần Lộc,2
Hoa Lộc,2
Liên Lộc,2
Quang Lộc,2
Hòa Lộc,2
Minh Lộc,2
Hưng Lộc,2
Ngư Lộc,2
Nga Sơn,2
Nga Vịnh,2
Nga Văn,2
Nga Thiện,2
Nga Tiến,2
Nga Phượng,2
Nga Trung,2
Nga Bạch,2
Nga Thanh,2
Nga Yên,2
Nga Giáp,2
Nga Hải,2
Nga Thành,2
Nga An,2
Nga Phú,2
Nga Điền,2
Nga Tân,2
Nga Thủy,2
Nga Liên,2
Nga Thái,2
Nga Thạch,2
Nga Thắng,2
Nga Trường,2
Như Xuân,2
Yên Cát,2
Bãi Trành,2
Xuân Bình,2
Hóa Quỳ,2
Cát Vân,2
Cát Tân,2
Bình Lương,2
Thanh Quân,2
Thanh Hòa,2
Thượng Ninh,2
Như Thanh,2
Bến Sung,2
Cán Khê,2
Xuân Du,2
Phượng Nghi,2
Mậu Lâm,2
Xuân Khang,2
Xuân Thái,2
Xuân Phúc,2
Thanh Kỳ,2
Nông Cống,2
Tân Thọ,2
Hoàng Sơn,2
Tân Khang,2
Hoàng Giang,2
Tế Thắng,2
Tế Lợi,2
Tế Nông,2
Minh Nghĩa,2
Minh Khôi,2
Vạn Hòa,2
Trường Trung,2
Vạn Thiện,2
Trường Minh,2
Thăng Bình,2
Công Liêm,2
Tượng Văn,2
Thăng Thọ,2
Tượng Sơn,2
Công Chính,2
Rừng Thông,2
Đông Thanh,2
Đông Thịnh,2
Đông Văn,2
Đông Nam,2
Quảng Xương,2
Quảng Trạch,2
Quảng Định,2
Quảng Nhân,2
Quảng Ninh,2
Quảng Bình,2
Quảng Hợp,2
Quảng Văn,2
Quảng Trung,2
Quảng Ngọc,2
Quảng Trường,2
Quảng Phúc,2
Quảng Giao,2
Quảng Hải,2
Quảng Lưu,2
Quảng Lộc,2
Tiên Trang,2
Quảng Nham,2
Quảng Thạch,2
Quảng Thái,2
Thị xã Nghi Sơn,2
Anh Sơn,2
Ngọc Lĩnh,2
Các Sơn,2
Hải Lĩnh,2
Hải Nhân,2
Trúc Lâm,2
Hải Bình,2
Tùng Lâm,2
Tĩnh Hải,2
Trường Lâm,2
Hải Thượng,2
Nghi Sơn,2
Nghệ An,1
Vinh,2
Đông Vĩnh,2
Hà Huy Tập,2
Quán Bàu,2
Hưng Bình,2
Hưng Phúc,2
Hưng Dũng,2
Đội Cung,2
Lê Mao,2
Bến Thủy,2
Trung Đô,2
Nghi Phú,2
Hưng Đông,2
Hưng Hòa,2
Vinh Tân,2
Nghi Liên,2
Nghi Ân,2
Nghi Kim,2
Nghi Đức,2
Hưng Chính,2
Thị xã Cửa Lò,2
Nghi Thuỷ,2
Nghi Tân,2
Thu Thuỷ,2
Nghi Hòa,2
Nghi Hải,2
Nghi Hương,2
Nghi Thu,2
Thị xã Thái Hoà,2
Hoà Hiếu,2
Nghĩa Tiến,2
Nghĩa Mỹ,2
Tây Hiếu,2
Đông Hiếu,2
Quế Phong,2
Thông Thụ,2
Hạnh Dịch,2
Nậm Giải,2
Châu Kim,2
Mường Nọc,2
Châu Thôn,2
Nậm Nhoóng,2
Căm Muộn,2
Quỳ Châu,2
Châu Bính,2
Châu Thuận,2
Châu Hội,2
Châu Nga,2
Châu Tiến,2
Châu Hạnh,2
Châu Thắng,2
Châu Bình,2
Châu Hoàn,2
Diên Lãm,2
Mường Xén,2
Mỹ Lý,2
Keng Đu,2
Đoọc Mạy,2
Huồi Tụ,2
Mường Lống,2
Na Loi,2
Nậm Cắn,2
Bảo Nam,2
Phà Đánh,2
Hữu Lập,2
Tà Cạ,2
Chiêu Lưu,2
Mường Típ,2
Hữu Kiệm,2
Mường Ải,2
Na Ngoi,2
Nậm Càn,2
Tương Dương,2
Thạch Giám,2
Nhôn Mai,2
Hữu Khuông,2
Yên Tĩnh,2
Xiêng My,2
Lưỡng Minh,2
Yên Na,2
Lưu Kiền,2
Xá Lượng,2
Tam Thái,2
Tam Đình,2
Nghĩa Đàn,2
Nghĩa Mai,2
Nghĩa Yên,2
Nghĩa Thọ,2
Nghĩa Hội,2
Nghĩa Hiếu,2
Nghĩa Đức,2
Nghĩa Long,2
Nghĩa Lộc,2
Nghĩa Khánh,2
Quỳ Hợp,2
Châu Hồng,2
Đồng Hợp,2
Châu Thành,2
Liên Hợp,2
Châu Lộc,2
Châu Cường,2
Châu Quang,2
Thọ Hợp,2
Minh Hợp,2
Nghĩa Xuân,2
Châu Thái,2
Châu Đình,2
Văn Lợi,2
Châu Lý,2
Hạ Sơn,2
Cầu Giát,2
Quỳnh Thắng,2
Quỳnh Tân,2
Quỳnh Châu,2
Quỳnh Văn,2
Quỳnh Tam,2
Quỳnh Thạch,2
Quỳnh Bảng,2
Quỳnh Thanh,2
Quỳnh Hậu,2
Quỳnh Đôi,2
Quỳnh Lương,2
Quỳnh Yên,2
Quỳnh Bá,2
Quỳnh Diễn,2
Quỳnh Giang,2
Quỳnh Nghĩa,2
Tiến Thủy,2
Quỳnh Thuận,2
Quỳnh Long,2
Tân Thắng,2
Con Cuông,2
Bình Chuẩn,2
Lạng Khê,2
Cam Lâm,2
Thạch Ngàn,2
Đôn Phục,2
Mậu Đức,2
Chi Khê,2
Bồng Khê,2
Yên Khê,2
Lục Dạ,2
Môn Sơn,2
Giai Xuân,2
Nghĩa Hợp,2
Nghĩa Hoàn,2
Tiên Kỳ,2
Nghĩa Dũng,2
Nghĩa Hành,2
Đỉnh Sơn,2
Đức Sơn,2
Tường Sơn,2
Tào Sơn,2
Hội Sơn,2
Khai Sơn,2
Lĩnh Sơn,2
Diễn Châu,2
Diễn Lâm,2
Diễn Đoài,2
Diễn Trường,2
Diễn Yên,2
Diễn Hoàng,2
Diễn Hùng,2
Diễn Mỹ,2
Diễn Hồng,2
Diễn Phong,2
Diễn Hải,2
Diễn Tháp,2
Diễn Liên,2
Diễn Vạn,2
Diễn Kim,2
Diễn Kỷ,2
Diễn Xuân,2
Diễn Thái,2
Diễn Đồng,2
Diễn Bích,2
Diễn Hạnh,2
Diễn Ngọc,2
Diễn Quảng,2
Diễn Nguyên,2
Diễn Hoa,2
Diễn Thành,2
Diễn Phúc,2
Diễn Cát,2
Diễn Thịnh,2
Diễn Tân,2
Diễn Thọ,2
Diễn Lợi,2
Diễn Lộc,2
Diễn Trung,2
Diễn An,2
Diễn Phú,2
Mã Thành,2
Tiến Thành,2
Lăng Thành,2
Đức Thành,2
Hậu Thành,2
Hùng Thành,2
Đô Thành,2
Thọ Thành,2
Tây Thành,2
Hồng Thành,2
Đồng Thành,2
Hoa Thành,2
Tăng Thành,2
Văn Thành,2
Thịnh Thành,2
Bắc Thành,2
Nhân Thành,2
Long Thành,2
Vĩnh Thành,2
Lý Thành,2
Viên Thành,2
Liên Thành,2
Bảo Thành,2
Công Thành,2
Giang Sơn Đông,2
Giang Sơn Tây,2
Bồi Sơn,2
Bài Sơn,2
Tràng Sơn,2
Đặng Sơn,2
Lưu Sơn,2
Đà Sơn,2
Thịnh Sơn,2
Thuận Sơn,2
Nhân Sơn,2
Hiến Sơn,2
Mỹ Sơn,2
Trù Sơn,2
Thanh Chương,2
Cát Văn,2
Thanh Nho,2
Hạnh Lâm,2
Phong Thịnh,2
Thanh Tiên,2
Thanh Liên,2
Thanh Đồng,2
Thanh Ngọc,2
Thanh Lĩnh,2
Thanh Chi,2
Xuân Tường,2
Thanh Dương,2
Võ Liệt,2
Thanh Khai,2
Nghi Lộc,2
Quán Hành,2
Nghi Văn,2
Nghi Yên,2
Nghi Tiến,2
Nghi Hưng,2
Nghi Đồng,2
Nghi Thiết,2
Nghi Lâm,2
Nghi Quang,2
Nghi Kiều,2
Nghi Mỹ,2
Nghi Phương,2
Nghi Thuận,2
Nghi Long,2
Nghi Xá,2
Nghi Hoa,2
Khánh Hợp,2
Nghi Thịnh,2
Nghi Công Bắc,2
Nghi Công Nam,2
Nghi Thạch,2
Nghi Trung,2
Nghi Trường,2
Nghi Diên,2
Nghi Phong,2
Nghi Xuân,2
Nghi Vạn,2
Nghi Thái,2
Nam Đàn,2
Nam Nghĩa,2
Nam Anh,2
Nam Lĩnh,2
Thượng Tân Lộc,2
Hồng Long,2
Nam Cát,2
Khánh Sơn,2
Trung Phúc Cường,2
Nam Kim,2
Hưng Nguyên,2
Hưng Trung,2
Hưng Yên Bắc,2
Hưng Tây,2
Hưng Mỹ,2
Hưng Lĩnh,2
Hưng Thông,2
Hưng Tân,2
Hưng Lợi,2
Hưng Nghĩa,2
Long Xá,2
Châu Nhân,2
Xuân Lam,2
Thị xã Hoàng Mai,2
Quỳnh Vinh,2
Quỳnh Lộc,2
Quỳnh Thiện,2
Quỳnh Lập,2
Mai Hùng,2
Quỳnh Dị,2
Quỳnh Xuân,2
Quỳnh Phương,2
Quỳnh Liên,2
Hà Tĩnh,1
Hà Tĩnh,2
Đại Nài,2
Thạch Trung,2
Thạch Quý,2
Thạch Linh,2
Thạch Hạ,2
Đồng Môn,2
Thạch Hưng,2
Thị xã Hồng Lĩnh,2
Đức Thuận,2
Đậu Liêu,2
Thuận Lộc,2
Phố Châu,2
Sơn Hồng,2
Sơn Tiến,2
Sơn Lâm,2
Sơn Lễ,2
Sơn Giang,2
Sơn Lĩnh,2
An Hòa Thịnh,2
Sơn Tây,2
Sơn Ninh,2
Sơn Châu,2
Tân Mỹ Hà,2
Quang Diệm,2
Sơn Trung,2
Sơn Bằng,2
Sơn Kim 1,2
Sơn Kim 2,2
Sơn Trà,2
Sơn Long,2
Sơn Hàm,2
Sơn Trường,2
Đức Thọ,2
Quang Vĩnh,2
Tùng Châu,2
Yên Hồ,2
Tùng Ảnh,2
Bùi La Nhân,2
Thanh Bình Thịnh,2
Lâm Trung Thủy,2
An Dũng,2
Đức Đồng,2
Đức Lạng,2
Vũ Quang,2
Ân Phú,2
Đức Lĩnh,2
Thọ Điền,2
Đức Hương,2
Đức Bồng,2
Đức Liên,2
Hương Minh,2
Quang Thọ,2
Xuân Hội,2
Đan Trường,2
Xuân Phổ,2
Xuân Hải,2
Tiên Điền,2
Xuân Yên,2
Xuân Mỹ,2
Cỗ Đạm,2
Xuân Liên,2
Xuân Lĩnh,2
Cương Gián,2
Can Lộc,2
Nghèn,2
Thiên Lộc,2
Thuần Thiện,2
Vượng Lộc,2
Thanh Lộc,2
Kim Song Trường,2
Thường Nga,2
Tùng Lộc,2
Gia Hanh,2
Khánh Vĩnh Yên,2
Trung Lộc,2
Thượng Lộc,2
Hương Khê,2
Điền Mỹ,2
Hà Linh,2
Hương Thủy,2
Hòa Hải,2
Hương Giang,2
Hương Bình,2
Hương Long,2
Phú Gia,2
Gia Phố,2
Phú Phong,2
Hương Đô,2
Hương Vĩnh,2
Hương Xuân,2
Phúc Trạch,2
Hương Trà,2
Hương Trạch,2
Hương Liên,2
Thạch Hà,2
Thạch Hải,2
Thạch Kênh,2
Thạch Liên,2
Đỉnh Bàn,2
Thạch Khê,2
Thạch Trị,2
Thạch Lạc,2
Thạch Ngọc,2
Thạch Văn,2
Lưu Vĩnh Sơn,2
Thạch Thắng,2
Thạch Đài,2
Thạch Hội,2
Tân Lâm Hương,2
Thạch Xuân,2
Cẩm Xuyên,2
Thiên Cầm,2
Cẩm Dương,2
Cẩm Vĩnh,2
Cẩm Quang,2
Cẩm Nhượng,2
Nam Phúc Thăng,2
Cẩm Duệ,2
Cẩm Quan,2
Cẩm Hà,2
Cẩm Lộc,2
Cẩm Mỹ,2
Cẩm Lạc,2
Cẩm Minh,2
Kỳ Anh,2
Kỳ Xuân,2
Kỳ Bắc,2
Kỳ Phong,2
Kỳ Tiến,2
Kỳ Giang,2
Kỳ Đồng,2
Kỳ Khang,2
Kỳ Văn,2
Kỳ Trung,2
Kỳ Thọ,2
Kỳ Tây,2
Kỳ Hải,2
Kỳ Thư,2
Kỳ Châu,2
Lâm Hợp,2
Kỳ Lạc,2
Lộc Hà,2
Tân Lộc,2
Hồng Lộc,2
Thịnh Lộc,2
Ích Hậu,2
Thạch Mỹ,2
Thạch Kim,2
Thạch Châu,2
Hộ Độ,2
Mai Phụ,2
Thị xã Kỳ Anh,2
Hưng Trí,2
Kỳ Ninh,2
Kỳ Lợi,2
Kỳ Hà,2
Kỳ Trinh,2
Kỳ Thịnh,2
Kỳ Hoa,2
Kỳ Phương,2
Kỳ Long,2
Kỳ Liên,2
Kỳ Nam,2
Quảng Bình,1
Thành Phố Đồng Hới,2
Nam Lý,2
Đồng Hải,2
Phú Hải,2
Bắc Nghĩa,2
Đức Ninh Đông,2
Quang Phú,2
Lộc Ninh,2
Bảo Ninh,2
Nghĩa Ninh,2
Thuận Đức,2
Minh Hóa,2
Quy Đạt,2
Dân Hóa,2
Trọng Hóa,2
Hóa Phúc,2
Hồng Hóa,2
Hóa Thanh,2
Hóa Tiến,2
Hóa Hợp,2
Xuân Hóa,2
Yên Hóa,2
Tân Hóa,2
Hóa Sơn,2
Trung Hóa,2
Thượng Hóa,2
Tuyên Hóa,2
Đồng Lê,2
Hương Hóa,2
Kim Hóa,2
Thanh Thạch,2
Thuận Hóa,2
Lâm Hóa,2
Lê Hóa,2
Sơn Hóa,2
Ngư Hóa,2
Thạch Hóa,2
Đức Hóa,2
Phong Hóa,2
Mai Hóa,2
Tiến Hóa,2
Châu Hóa,2
Cao Quảng,2
Văn Hóa,2
Quảng Kim,2
Quảng Tùng,2
Cảnh Dương,2
Quảng Xuân,2
Cảnh Hóa,2
Liên Trường,2
Quảng Phương,2
Phù Hóa,2
Bố Trạch,2
Hoàn Lão,2
NT Việt Trung,2
Xuân Trạch,2
Mỹ Trạch,2
Hạ Trạch,2
Bắc Trạch,2
Lâm Trạch,2
Thanh Trạch,2
Liên Trạch,2
Cự Nẫm,2
Thượng Trạch,2
Hưng Trạch,2
Đồng Trạch,2
Đức Trạch,2
Phong Nha,2
Vạn Trạch,2
Phú Định,2
Trung Trạch,2
Tây Trạch,2
Hòa Trạch,2
Đại Trạch,2
Nhân Trạch,2
Tân Trạch,2
Nam Trạch,2
Lý Trạch,2
Quán Hàu,2
Lương Ninh,2
Võ Ninh,2
Hàm Ninh,2
Duy Ninh,2
Gia Ninh,2
Tân Ninh,2
Lệ Thủy,2
NT Lệ Ninh,2
Kiến Giang,2
Hồng Thủy,2
Ngư Thủy Bắc,2
Hoa Thủy,2
An Thủy,2
Phong Thủy,2
Cam Thủy,2
Ngân Thủy,2
Lộc Thủy,2
Liên Thủy,2
Hưng Thủy,2
Dương Thủy,2
Tân Thủy,2
Phú Thủy,2
Mỹ Thủy,2
Ngư Thủy,2
Mai Thủy,2
Sen Thủy,2
Thái Thủy,2
Kim Thủy,2
Trường Thủy,2
Lâm Thủy,2
Thị xã Ba Đồn,2
Ba Đồn,2
Quảng Tiên,2
Quảng Thuận,2
Quảng Thủy,2
Quảng Trị,1
Đông Giang,2
1,2
Đông Lễ,2
2,2
4,2
5,2
Đông Lương,2
3,2
Thị xã Quảng Trị,2
An Đôn,2
Hải Lệ,2
Vĩnh Linh,2
Hồ Xá,2
Bến Quan,2
Vĩnh Thái,2
Vĩnh Tú,2
Vĩnh Chấp,2
Trung Nam,2
Vĩnh Khê,2
Vĩnh Thủy,2
Vĩnh Lâm,2
Hiền Thành,2
Cửa Tùng,2
Vĩnh Hà,2
Vĩnh Giang,2
Vĩnh Ô,2
Hướng Hóa,2
Khe Sanh,2
Lao Bảo,2
Hướng Lập,2
Hướng Việt,2
Hướng Phùng,2
Hướng Sơn,2
Hướng Linh,2
Hướng Tân,2
Húc,2
Thuận,2
Hướng Lộc,2
Ba Tầng,2
Thanh,2
A Dơi,2
Lìa,2
Xy,2
Gio Linh,2
Cửa Việt,2
Trung Giang,2
Trung Hải,2
Phong Bình,2
Gio Mỹ,2
Gio Hải,2
Gio An,2
Gio Châu,2
Gio Việt,2
Linh Trường,2
Gio Sơn,2
Gio Mai,2
Hải Thái,2
Linh Hải,2
Gio Quang,2
Đa Krông,2
Krông Klang,2
Mò Ó,2
Hướng Hiệp,2
Ba Lòng,2
Ba Nang,2
Tà Long,2
Húc Nghì,2
A Vao,2
Tà Rụt,2
A Bung,2
A Ngo,2
Cam Lộ,2
Cam Tuyền,2
Cam Thành,2
Cam Hiếu,2
Cam Chính,2
Cam Nghĩa,2
Triệu Phong,2
Thị Trấn Ái Tử,2
Triệu An,2
Triệu Vân,2
Triệu Phước,2
Triệu Độ,2
Triệu Trạch,2
Triệu Thuận,2
Triệu Đại,2
Triệu Hòa,2
Triệu Lăng,2
Triệu Long,2
Triệu Tài,2
Triệu Trung,2
Triệu Ái,2
Triệu Thượng,2
Triệu Giang,2
Hải Lăng,2
Diên Sanh,2
Hải Ba,2
Hải Quy,2
Hải Quế,2
Hải Định,2
Hải Lâm,2
Hải Trường,2
Hải Chánh,2
Hải Khê,2
Cồn Cỏ,2
Thừa Thiên Huế,1
Huế,2
Tây Lộc,2
Phú Hậu,2
Thuận Hòa,2
Đông Ba,2
Vỹ Dạ,2
Đúc,2
Phú Hội,2
Trường An,2
Phước Vĩnh,2
An Cựu,2
Hương Sơ,2
Thuỷ Biều,2
Thuỷ Xuân,2
An Đông,2
An Tây,2
Thuận An,2
Phú Dương,2
Phú Mậu,2
Thủy Vân,2
Thủy Bằng,2
Hương Phong,2
Hương Vinh,2
Hương An,2
Hương Hồ,2
Hương Thọ,2
Phong Điền,2
Điền Hương,2
Điền Môn,2
Điền Lộc,2
Điền Hòa,2
Phong Chương,2
Điền Hải,2
Phong Hòa,2
Phong Thu,2
Phong Hiền,2
Phong Mỹ,2
Phong An,2
Phong Xuân,2
Quảng Điền,2
Sịa,2
Quảng Ngạn,2
Quảng Lợi,2
Quảng Công,2
Quảng Phước,2
Phú Vang,2
Phú Thuận,2
Phú An,2
Phú Diên,2
Phú Hồ,2
Vinh Xuân,2
Vinh Thanh,2
Vinh An,2
Vinh Hà,2
Thị xã Hương Thủy,2
Phú Bài,2
Thủy Thanh,2
Thủy Dương,2
Thủy Phương,2
Thủy Châu,2
Thủy Lương,2
Thủy Tân,2
Thủy Phù,2
Dương Hòa,2
Thị xã Hương Trà,2
Tứ Hạ,2
Hương Toàn,2
Hương Vân,2
Hương Văn,2
Hương Chữ,2
Bình Tiến,2
A Lưới,2
Hồng Hạ,2
Hồng Kim,2
Hương Nguyên,2
Hồng Bắc,2
Quảng Nhâm,2
Hồng Thượng,2
A Roàng,2
Lâm Đớt,2
Lăng Cô,2
Vinh Mỹ,2
Vinh Hưng,2
Giang Hải,2
Vinh Hiền,2
Lộc Bổn,2
Lộc Vĩnh,2
Lộc Điền,2
Lộc Trì,2
Lộc Tiến,2
Nam Đông,2
Khe Tre,2
Hương Phú,2
Hương Lộc,2
Thượng Quảng,2
Hương Hữu,2
Thượng Lộ,2
Thượng Nhật,2
Đà Nẵng,1
Liên Chiểu,2
Hòa Hiệp Bắc,2
Hòa Hiệp Nam,2
Hòa Khánh Bắc,2
Hòa Khánh Nam,2
Hòa Minh,2
Tam Thuận,2
Thanh Khê Tây,2
Thanh Khê Đông,2
Xuân Hà,2
Tân Chính,2
Chính Gián,2
Thạc Gián,2
Hòa Khê,2
Thuận Phước,2
Thạch Thang,2
Hải Châu  I,2
Hải Châu II,2
Phước Ninh,2
Hòa Thuận Tây,2
Hòa Thuận Đông,2
Bình Hiên,2
Hòa Cường Bắc,2
Hòa Cường Nam,2
Thọ Quang,2
Nại Hiên Đông,2
Mân Thái,2
An Hải Bắc,2
Phước Mỹ,2
An Hải Tây,2
An Hải Đông,2
Ngũ Hành Sơn,2
Khuê Mỹ,2
Hoà Quý,2
Hoà Hải,2
Cẩm Lệ,2
Khuê Trung,2
Hòa Phát,2
Hòa Thọ Tây,2
Hòa Thọ Đông,2
Hòa Xuân,2
Hòa Vang,2
Hòa Bắc,2
Hòa Liên,2
Hòa Ninh,2
Hòa Nhơn,2
Hòa Châu,2
Hòa Phước,2
Hòa Khương,2
Hoàng Sa,2
Quảng Nam,1
Tân Thạnh,2
Phước Hòa,2
Hòa Hương,2
An Xuân,2
Tam Thăng,2
Tam Phú,2
Tam Ngọc,2
Hội An,2
Cẩm Phô,2
Sơn Phong,2
Cửa Đại,2
Cẩm An,2
Cẩm Kim,2
Cẩm Nam,2
Cẩm Thanh,2
Ch'ơm,2
Ga Ri,2
A Xan,2
Tr'Hy,2
Lăng,2
A Nông,2
A Tiêng,2
Bha Lê,2
A Vương,2
Dang,2
P Rao,2
Tà Lu,2
Sông Kôn,2
Jơ Ngây,2
A Ting,2
Tư,2
Ba,2
A Rooi,2
Za Hung,2
Mà Cooi,2
Ka Dăng,2
Thị Trấn Ái Nghĩa,2
Đại Lãnh,2
Đại Hồng,2
Đại Quang,2
Đại Hiệp,2
Đại Thạnh,2
Đại Chánh,2
Đại Tân,2
Đại Phong,2
Đại Hòa,2
Thị xã Điện Bàn,2
Vĩnh Điện,2
Điện Tiến,2
Điện Hòa,2
Điện Thắng Bắc,2
Điện Thắng Trung,2
Điện Thắng Nam,2
Điện Ngọc,2
Điện Hồng,2
Điện Thọ,2
Điện Phước,2
Điện An,2
Điện Nam Bắc,2
Điện Nam Trung,2
Điện Nam Đông,2
Điện Dương,2
Điện Quang,2
Điện Trung,2
Điện Phong,2
Điện Minh,2
Điện Phương,2
Duy Xuyên,2
Nam Phước,2
Duy Thu,2
Duy Phú,2
Duy Hòa,2
Duy Châu,2
Duy Trinh,2
Duy Sơn,2
Duy Trung,2
Duy Phước,2
Duy Thành,2
Duy Vinh,2
Duy Nghĩa,2
Quế Sơn,2
Quế Xuân 1,2
Quế Xuân 2,2
Quế Phú,2
Quế Hiệp,2
Quế Thuận,2
Quế Mỹ,2
Quế Long,2
Quế Châu,2
Quế An,2
Quế Minh,2
Thạnh Mỹ,2
Laêê,2
Chơ Chun,2
Zuôich,2
Tà Pơơ,2
La Dêê,2
Đắc Tôi,2
Chà Vàl,2
Tà Bhinh,2
Cà Dy,2
Đắc Pre,2
Đắc Pring,2
Phước Sơn,2
Khâm Đức,2
Phước Xuân,2
Phước Hiệp,2
Phước Hoà,2
Phước Đức,2
Phước Năng,2
Phước Chánh,2
Phước Công,2
Phước Kim,2
Phước Lộc,2
Phước Thành,2
Hiệp Đức,2
Quế Thọ,2
Bình Lâm,2
Sông Trà,2
Phước Trà,2
Phước Gia,2
Quế Lưu,2
Thăng Phước,2
Hà Lam,2
Bình Phục,2
Bình Triều,2
Bình Đào,2
Bình Lãnh,2
Bình Trị,2
Bình Định Bắc,2
Bình Định Nam,2
Bình Quý,2
Bình Chánh,2
Bình Tú,2
Bình Sa,2
Bình Hải,2
Bình Quế,2
Bình Nam,2
Tiên Phước,2
Tiên Hà,2
Tiên Cẩm,2
Tiên Châu,2
Tiên Lãnh,2
Tiên Ngọc,2
Tiên Cảnh,2
Tiên Mỹ,2
Tiên Thọ,2
Tiên An,2
Tiên Lộc,2
Tiên Lập,2
Bắc Trà My,2
Trà My,2
Trà Sơn,2
Trà Kót,2
Trà Nú,2
Trà Đông,2
Trà Dương,2
Trà Bui,2
Trà Đốc,2
Trà Tân,2
Trà Giác,2
Trà Giáp,2
Trà Ka,2
Nam Trà My,2
Trà Leng,2
Trà Dơn,2
Trà Tập,2
Trà Mai,2
Trà Cang,2
Trà Linh,2
Trà Nam,2
Trà Don,2
Trà Vân,2
Trà Vinh,2
Núi Thành,2
Tam Xuân I,2
Tam Xuân II,2
Tam Thạnh,2
Tam Anh Bắc,2
Tam Anh Nam,2
Tam Hòa,2
Tam Hải,2
Tam Nghĩa,2
Tam Mỹ Tây,2
Tam Mỹ Đông,2
Tam Trà,2
Phú Ninh,2
Tam Thành,2
Tam An,2
Tam Đàn,2
Tam Lộc,2
Tam Phước,2
Tam Vinh,2
Tam Đại,2
Tam Dân,2
Tam Lãnh,2
Nông Sơn,2
Quế Trung,2
Ninh Phước,2
Quế Lộc,2
Sơn Viên,2
Quế Lâm,2
Quảng Ngãi,1
Quảng Ngãi,2
Nghĩa Chánh,2
Nguyễn Nghiêm,2
Chánh Lộ,2
Nghĩa Dõng,2
Trương Quang Trọng,2
Tịnh Hòa,2
Tịnh Kỳ,2
Tịnh Thiện,2
Tịnh Ấn Đông,2
Tịnh Châu,2
Tịnh Khê,2
Tịnh Long,2
Tịnh Ấn Tây,2
Tịnh An,2
Nghĩa Hà,2
Thị Trấn Châu Ổ,2
Bình Thạnh,2
Bình Đông,2
Bình Khương,2
Bình Phước,2
Bình Chương,2
Bình Hiệp,2
Bình Tân Phú,2
Bình Châu,2
Trà Bồng,2
Trà Xuân,2
Trà Thủy,2
Trà Hiệp,2
Trà Bình,2
Trà Phú,2
Trà Lâm,2
Trà Bùi,2
Trà Thanh,2
Trà Phong,2
Trà Xinh,2
Trà Tây,2
Sơn Tịnh,2
Tịnh Thọ,2
Tịnh Trà,2
Tịnh Phong,2
Tịnh Hiệp,2
Tịnh Bình,2
Tịnh Đông,2
Tịnh Bắc,2
Tịnh Sơn,2
Tịnh Hà,2
Tịnh Giang,2
Tịnh Minh,2
Tư Nghĩa,2
La Hà,2
Sông Vệ,2
Nghĩa Thắng,2
Nghĩa Kỳ,2
Nghĩa Điền,2
Nghĩa Thương,2
Di Lăng,2
Sơn Hạ,2
Sơn Nham,2
Sơn Bao,2
Sơn Linh,2
Sơn Thượng,2
Sơn Cao,2
Sơn Kỳ,2
Sơn Ba,2
Sơn Bua,2
Sơn Mùa,2
Sơn Liên,2
Sơn Tân,2
Sơn Màu,2
Sơn Dung,2
Sơn Tinh,2
Long Mai,2
Long Môn,2
Long Hiệp,2
Chợ Chùa,2
Hành Thuận,2
Hành Dũng,2
Hành Trung,2
Hành Nhân,2
Hành Đức,2
Hành Minh,2
Hành Phước,2
Hành Thiện,2
Hành Thịnh,2
Hành Tín Tây,2
Hành Tín  Đông,2
Mộ Đức,2
Đức Lợi,2
Đức Nhuận,2
Đức Chánh,2
Đức Hiệp,2
Đức Minh,2
Đức Thạnh,2
Đức Hòa,2
Đức Tân,2
Đức Phú,2
Đức Phong,2
Đức Lân,2
Thị xã Đức Phổ,2
Phổ An,2
Phổ Phong,2
Phổ Thuận,2
Phổ Văn,2
Phổ Quang,2
Phổ Nhơn,2
Phổ Ninh,2
Phổ Minh,2
Phổ Vinh,2
Phổ Hòa,2
Phổ Cường,2
Phổ Khánh,2
Phổ Thạnh,2
Phổ Châu,2
Ba Tơ,2
Ba Điền,2
Ba Vinh,2
Ba Thành,2
Ba Động,2
Ba Dinh,2
Ba Giang,2
Ba Liên,2
Ba Ngạc,2
Ba Khâm,2
Ba Cung,2
Ba Tiêu,2
Ba Trang,2
Ba Tô,2
Ba Bích,2
Ba Lế,2
Ba Nam,2
Ba Xa,2
Lý Sơn,2
Bình Định,1
Quy Nhơn,2
Nhơn Bình,2
Nhơn Phú,2
Trần Quang Diệu,2
Hải Cảng,2
Thị Nại,2
Ngô Mây,2
Bùi Thị Xuân,2
Nguyễn Văn Cừ,2
Ghềnh Ráng,2
Nhơn Lý,2
Nhơn Hội,2
Nhơn Hải,2
Nhơn Châu,2
An Trung,2
An Toàn,2
An Quang,2
An Nghĩa,2
Thị xã Hoài Nhơn,2
Bồng Sơn,2
Hoài Sơn,2
Hoài Châu Bắc,2
Hoài Châu,2
Hoài Phú,2
Tam Quan Bắc,2
Tam Quan Nam,2
Hoài Hảo,2
Hoài Thanh Tây,2
Hoài Thanh,2
Hoài Hương,2
Hoài Tân,2
Hoài Hải,2
Hoài Xuân,2
Hoài Mỹ,2
Hoài Ân,2
Tăng Bạt Hổ,2
Ân Hảo Tây,2
Ân Hảo Đông,2
Ân Sơn,2
Ân Mỹ,2
Đak Mang,2
Ân Tín,2
Ân Thạnh,2
Ân Phong,2
Ân Đức,2
Ân Hữu,2
Bok Tới,2
Ân Tường Tây,2
Ân Tường Đông,2
Phù Mỹ,2
Mỹ Châu,2
Mỹ Lợi,2
Mỹ Phong,2
Mỹ Trinh,2
Mỹ Thọ,2
Mỹ Chánh,2
Mỹ Quang,2
Mỹ Hiệp,2
Mỹ Tài,2
Mỹ Cát,2
Mỹ Chánh Tây,2
Vĩnh Thạnh,2
Vĩnh Kim,2
Vĩnh Hiệp,2
Vĩnh Thuận,2
Bình Tân,2
Tây Thuận,2
Tây An,2
Tây Bình,2
Bình Tường,2
Tây Vinh,2
Tây Xuân,2
Bình Nghi,2
Tây Phú,2
Phù Cát,2
Cát Sơn,2
Cát Minh,2
Cát Khánh,2
Cát Tài,2
Cát Lâm,2
Cát Hanh,2
Cát Trinh,2
Cát Hiệp,2
Cát Nhơn,2
Cát Hưng,2
Cát Tường,2
Cát Tiến,2
Cát Thắng,2
Cát Chánh,2
Thị xã An Nhơn,2
Đập Đá,2
Nhơn Mỹ,2
Nhơn Thành,2
Nhơn Hạnh,2
Nhơn Hậu,2
Nhơn Phong,2
Nhơn An,2
Nhơn Phúc,2
Nhơn Hưng,2
Nhơn Khánh,2
Nhơn Lộc,2
Nhơn Hoà,2
Nhơn Tân,2
Nhơn Thọ,2
Tuy Phước,2
Diêu Trì,2
Phước Thắng,2
Phước Hưng,2
Phước Quang,2
Phước Nghĩa,2
Phước Thuận,2
Phước An,2
Canh Liên,2
Canh Hiệp,2
Canh Vinh,2
Canh Hiển,2
Canh Thuận,2
Canh Hòa,2
Phú Yên,1
Tuy Hoà,2
8,2
9,2
7,2
6,2
Phú Thạnh,2
Hòa Kiến,2
Bình Kiến,2
Thị xã Sông Cầu,2
Xuân Cảnh,2
Xuân Thọ 1,2
Xuân Thọ 2,2
La Hai,2
Phú Mỡ,2
Xuân Lãnh,2
Xuân Quang 1,2
Xuân Sơn Bắc,2
Xuân Quang 2,2
Xuân Sơn Nam,2
Xuân Quang 3,2
Xuân Phước,2
Tuy An,2
Chí Thạnh,2
An Dân,2
An Ninh Tây,2
An Ninh Đông,2
An Thạch,2
An Định,2
An Nghiệp,2
An Cư,2
An Lĩnh,2
An Hòa Hải,2
An Chấn,2
Sơn Hòa,2
Củng Sơn,2
Phước Tân,2
Sơn Hội,2
Sơn Định,2
Cà Lúi,2
Sơn Phước,2
Sơn Xuân,2
Sơn Nguyên,2
Eachà Rang,2
Krông Pa,2
Suối Bạc,2
Suối Trai,2
Sông Hinh,2
Hai Riêng,2
Ea Lâm,2
Đức Bình Tây,2
Ea Bá,2
Đức Bình Đông,2
EaBar,2
EaBia,2
EaTrol,2
Ealy,2
Tây Hoà,2
Sơn Thành Tây,2
Sơn Thành Đông,2
Hòa Bình 1,2
Hòa Tân Tây,2
Hòa Đồng,2
Hòa Mỹ Đông,2
Hòa Mỹ Tây,2
Hòa Thịnh,2
Phú Hoà,2
Hòa Quang Bắc,2
Hòa Quang Nam,2
Hòa Hội,2
Hòa Trị,2
Hòa Định Đông,2
Thị Trấn Phú Hoà,2
Hòa Định Tây,2
Thị xã Đông Hòa,2
Hòa Thành,2
Hoà Vinh,2
Hoà Hiệp Trung,2
Hòa Tân Đông,2
Hòa Xuân Tây,2
Hòa Xuân Đông,2
Hòa Tâm,2
Hòa Xuân Nam,2
Khánh Hòa,1
Nha Trang,2
Vĩnh Hải,2
Vĩnh Phước,2
Ngọc Hiệp,2
Vĩnh Thọ,2
Xương Huân,2
Vạn Thạnh,2
Phương Sài,2
Phước Hải,2
Lộc Thọ,2
Phước Tiến,2
Vĩnh Nguyên,2
Phước Long,2
Vĩnh Trường,2
Vĩnh Lương,2
Vĩnh Phương,2
Phước Đồng,2
Cam Ranh,2
Cam Phúc Bắc,2
Cam Phúc Nam,2
Cam Lộc,2
Cam Phú,2
Ba Ngòi,2
Cam Thuận,2
Cam Lợi,2
Cam Linh,2
Cam Thành Nam,2
Cam Phước Đông,2
Cam Thịnh Tây,2
Cam Thịnh Đông,2
Cam Lập,2
Cam Bình,2
Cam Tân,2
Cam Hòa,2
Cam Hải Đông,2
Cam Hải Tây,2
Cam Hiệp Bắc,2
Cam Đức,2
Cam Hiệp Nam,2
Cam Phước Tây,2
Cam Thành Bắc,2
Cam An Bắc,2
Cam An Nam,2
Suối Cát,2
Suối Tân,2
Vạn Giã,2
Vạn Phước,2
Vạn Long,2
Vạn Bình,2
Vạn Khánh,2
Vạn Phú,2
Vạn Lương,2
Vạn Hưng,2
Thị xã Ninh Hòa,2
Ninh Tây,2
Ninh Thượng,2
Ninh Thọ,2
Ninh Trung,2
Ninh Sim,2
Ninh Thân,2
Ninh Diêm,2
Ninh Đông,2
Ninh Thủy,2
Ninh Đa,2
Ninh Phụng,2
Ninh Phú,2
Ninh Tân,2
Ninh Quang,2
Ninh Hà,2
Ninh Hưng,2
Ninh Lộc,2
Ninh Ích,2
Khánh Vĩnh,2
Khánh Hiệp,2
Khánh Bình,2
Khánh Đông,2
Khánh Nam,2
Giang Ly,2
Cầu Bà,2
Liên Sang,2
Sơn Thái,2
Diên Khánh,2
Diên Lâm,2
Diên Điền,2
Diên Xuân,2
Diên Sơn,2
Diên Đồng,2
Diên Phú,2
Diên Thọ,2
Diên Phước,2
Diên Lạc,2
Diên Tân,2
Diên Hòa,2
Diên Thạnh,2
Diên Toàn,2
Diên An,2
Bình Lộc,2
Suối Hiệp,2
Suối Tiên,2
Tô Hạp,2
Sơn Hiệp,2
Ba Cụm Bắc,2
Ba Cụm Nam,2
Trường Sa,2
Song Tử Tây,2
Sinh Tồn,2
Ninh Thuận,1
Phan Rang-Tháp Chàm,2
Đô Vinh,2
Bảo An,2
Phủ Hà,2
Tấn Tài,2
Kinh Dinh,2
Đạo Long,2
Đài Sơn,2
Mỹ Đông,2
Thành Hải,2
Mỹ Bình,2
Mỹ Hải,2
Bác Ái,2
Phước Bình,2
Phước Đại,2
Phước Chính,2
Phước Trung,2
Ma Nới,2
Nhơn Sơn,2
Phương Hải,2
Tân Hải,2
Hộ Hải,2
Tri Hải,2
Phước Dân,2
Phước Thái,2
Phước Hậu,2
An Hải,2
Phước Hữu,2
Phước Vinh,2
Thuận Bắc,2
Phước Chiến,2
Công Hải,2
Phước Kháng,2
Lợi Hải,2
Thuận Nam,2
Phước Hà,2
Phước Nam,2
Nhị Hà,2
Phước Dinh,2
Phước Minh,2
Phước Diêm,2
Cà Ná,2
Bình Thuận,1
Mũi Né,2
Hàm Tiến,2
Phú Hài,2
Phú Tài,2
Phú Trinh,2
Bình Hưng,2
Đức Nghĩa,2
Thiện Nghiệp,2
Phong Nẫm,2
Tiến Lợi,2
Thị xã La Gi,2
Phước Hội,2
Tân Thiện,2
Tân Phước,2
Tuy Phong,2
Liên Hương,2
Phan Rí Cửa,2
Phan Dũng,2
Vĩnh Tân,2
Phước Thể,2
Chí Công,2
Chợ Lầu,2
Phan Sơn,2
Phan Lâm,2
Phan Điền,2
Sông Lũy,2
Phan Tiến,2
Sông Bình,2
Phan Hòa,2
Phan Hiệp,2
Phan Rí Thành,2
Hàm Thuận Bắc,2
Ma Lâm,2
La Dạ,2
Hàm Phú,2
Hồng Liêm,2
Hàm Trí,2
Hàm Đức,2
Hàm Liêm,2
Hàm Chính,2
Hàm Hiệp,2
Hàm Thắng,2
Đa Mi,2
Hàm Thuận Nam,2
Mỹ Thạnh,2
Hàm Cần,2
Mương Mán,2
Hàm Thạnh,2
Hàm Kiệm,2
Hàm Cường,2
Hàm Mỹ,2
Hàm Minh,2
Thuận Quí,2
Tân Thuận,2
Tánh Linh,2
Lạc Tánh,2
Bắc Ruộng,2
Nghị Đức,2
La Ngâu,2
Huy Khiêm,2
Măng Tố,2
Đồng Kho,2
Gia An,2
Đức Bình,2
Gia Huynh,2
Suối Kiết,2
Đức Linh,2
Võ Xu,2
Đức Tài,2
Đa Kai,2
Sùng Nhơn,2
Mê Pu,2
Đức Tín,2
Vũ Hoà,2
Hàm Tân,2
Tân Nghĩa,2
Sông Phan,2
Thắng Hải,2
Sơn Mỹ,2
Phú Quí,2
Ngũ Phụng,2
Long Hải,2
Kon Tum,1
Kon Tum,2
Trường Chinh,2
Đắk Cấm,2
Kroong,2
Ngọk Bay,2
Đắk Blà,2
Ia Chim,2
Đăk Năng,2
Chư Hreng,2
Đắk Rơ Wa,2
Đắk Glei,2
Đắk Blô,2
Đắk Man,2
Đắk Nhoong,2
Đắk Pék,2
Đắk Choong,2
Xốp,2
Mường Hoong,2
Đắk Long,2
Đắk KRoong,2
Đắk Môn,2
Plei Kần,2
Đắk Ang,2
Đắk Dục,2
Đắk Nông,2
Đắk Xú,2
Đắk Kan,2
Bờ Y,2
Sa Loong,2
Đắk Tô,2
Đắk Rơ Nga,2
Ngọk Tụ,2
Đắk Trăm,2
Văn Lem,2
Kon Đào,2
Tân Cảnh,2
Diên Bình,2
Pô Kô,2
Kon Plông,2
Đắk Nên,2
Đắk Ring,2
Măng Buk,2
Đắk Tăng,2
Ngok Tem,2
Pờ Ê,2
Măng Cành,2
Măng Đen,2
Hiếu,2
Kon Rẫy,2
Đắk Rve,2
Đắk Kôi,2
Đắk Tơ Lung,2
Đắk Ruồng,2
Đắk Pne,2
Đắk Tờ Re,2
Đắk Hà,2
Đắk PXi,2
Đăk Long,2
Đắk HRing,2
Đắk Ui,2
Đăk Ngọk,2
Đắk Mar,2
Ngok Wang,2
Ngok Réo,2
Hà Mòn,2
Đắk La,2
Sa Thầy,2
Rơ Kơi,2
Sa Nhơn,2
Hơ Moong,2
Mô Rai,2
Sa Sơn,2
Sa Nghĩa,2
Sa Bình,2
Ya Xiêr,2
Ya Tăng,2
Ya ly,2
Tu Mơ Rông,2
Ngọc Lây,2
Đắk Na,2
Măng Ri,2
Ngọc Yêu,2
Đắk Sao,2
Đắk Rơ Ông,2
Đắk Tờ Kan,2
Tê Xăng,2
Văn Xuôi,2
Ia H' Drai,2
Ia Đal,2
Ia Dom,2
Ia Tơi,2
Gia Lai,1
Pleiku,2
Yên Đỗ,2
Diên Hồng,2
Ia Kring,2
Hội Thương,2
Hội Phú,2
Trà Bá,2
Biển Hồ,2
Trà Đa,2
Chư Á,2
Ia Kênh,2
Gào,2
Thị xã An Khê,2
Tú An,2
Cửu An,2
An Phước,2
Thị xã Ayun Pa,2
Cheo Reo,2
Sông Bờ,2
Ia RBol,2
Chư Băh,2
Ia RTô,2
Ia Sao,2
KBang,2
Kon Pne,2
Đăk Roong,2
Sơn Lang,2
KRong,2
Sơ Pai,2
Lơ Ku,2
Đông,2
Đak SMar,2
Tơ Tung,2
Kông Lơng Khơng,2
Kông Pla,2
Đăk HLơ,2
Đăk Đoa,2
Đăk Sơmei,2
Đăk Krong,2
Hải Yang,2
Kon Gang,2
Hà Bầu,2
Nam Yang,2
K' Dang,2
H' Neng,2
Glar,2
A Dơk,2
Trang,2
HNol,2
Ia Pết,2
Ia Băng,2
Chư Păh,2
Hà Tây,2
Ia Khươl,2
Ia Phí,2
Ia Ly,2
Ia Mơ Nông,2
Ia Kreng,2
Đăk Tơ Ver,2
Chư Đăng Ya,2
Ia Ka,2
Ia Nhin,2
Ia Grai,2
Ia Kha,2
Ia Yok,2
Ia Hrung,2
Ia Bă,2
Ia Khai,2
Ia KRai,2
Ia Grăng,2
Ia Tô,2
Ia O,2
Ia Dêr,2
Ia Chia,2
Ia Pếch,2
Mang Yang,2
Kon Dơng,2
Ayun,2
Đak Jơ Ta,2
Đak Ta Ley,2
Hra,2
Đăk Yă,2
Đăk Djrăng,2
Lơ Pang,2
Kon Thụp,2
Đê Ar,2
Kon Chiêng,2
Đăk Trôi,2
Kông Chro,2
Chư Krêy,2
Kông Yang,2
Đăk Tơ Pang,2
SRó,2
Đắk Kơ Ning,2
Đăk Song,2
Đăk Pling,2
Yang Trung,2
Đăk Pơ Pho,2
Ya Ma,2
Chơ Long,2
Yang Nam,2
Đức Cơ,2
Chư Ty,2
Ia Dơk,2
Ia Krêl,2
Ia Din,2
Ia Kla,2
Ia Lang,2
Ia Kriêng,2
Ia Pnôn,2
Ia Nan,2
Chư Prông,2
Ia Kly,2
Bình Giáo,2
Ia Drăng,2
Thăng Hưng,2
Bàu Cạn,2
Ia Phìn,2
Ia Tôr,2
Ia Boòng,2
Ia Púch,2
Ia Me,2
Ia Vê,2
Ia Bang,2
Ia Pia,2
Ia Ga,2
Ia Lâu,2
Ia Piơr,2
Ia Mơ,2
Chư Sê,2
Ia Tiêm,2
Chư Pơng,2
Bar Măih,2
Bờ Ngoong,2
Ia Glai,2
AL Bá,2
Kông HTok,2
AYun,2
Ia HLốp,2
Ia Blang,2
Dun,2
Ia Pal,2
H Bông,2
Ia Ko,2
Đăk Pơ,2
Hà Tam,2
An Thành,2
Đak Pơ,2
Yang Bắc,2
Cư An,2
Ya Hội,2
Ia Pa,2
Pờ Tó,2
Chư Răng,2
Ia KDăm,2
Chư Mố,2
Ia Tul,2
Ia Ma Rơn,2
Ia Broăi,2
Ia Trok,2
Ia RSai,2
Ia RSươm,2
Chư Gu,2
Đất Bằng,2
Ia Mláh,2
Chư Drăng,2
Phú Cần,2
Ia HDreh,2
Ia RMok,2
Chư Ngọc,2
Uar,2
Chư Rcăm,2
Krông Năng,2
Phú Thiện,2
Chư A Thai,2
Ayun Hạ,2
Ia Ake,2
Ia Sol,2
Ia Piar,2
Ia Peng,2
Chrôh Pơnan,2
Ia Hiao,2
Ia Yeng,2
Chư Pưh,2
Ia Hrú,2
Ia Rong,2
Ia Dreng,2
Ia Hla,2
Chư Don,2
Ia Phang,2
Ia Le,2
Ia BLứ,2
Đắk Lắk,1
Buôn Ma Thuột,2
Thành Nhất,2
Tự An,2
Ea Tam,2
Hòa Thuận,2
Cư ÊBur,2
Ea Tu,2
Ea Kao,2
Hòa Khánh,2
Thị  Buôn Hồ,2
Thiện An,2
Đạt Hiếu,2
Ea Blang,2
Ea Drông,2
Ea Siên,2
Cư Bao,2
Ea H'leo,2
Ea Drăng,2
Ea Sol,2
Ea Ral,2
Ea Wy,2
Cư A Mung,2
Cư Mốt,2
Ea Hiao,2
Ea Khal,2
Dliê Yang,2
Ea Tir,2
Ea Nam,2
Ea Súp,2
Ia Lốp,2
Ia JLơi,2
Ea Rốk,2
Ya Tờ Mốt,2
Ia RVê,2
Ea Lê,2
Cư KBang,2
Ea Bung,2
Cư M'Lan,2
Buôn Đôn,2
Krông Na,2
Ea Huar,2
Ea Wer,2
Tân Hoà,2
Cuôr KNia,2
Ea Bar,2
Ea Nuôl,2
Cư M'gar,2
Ea Pốk,2
Ea Kuêh,2
Ea Kiết,2
Ea Tar,2
Cư Dliê M'nông,2
Ea H'đinh,2
Ea Tul,2
Ea KPam,2
Ea M'DRóh,2
Quảng Hiệp,2
Ea D'Rơng,2
Ea M'nang,2
Cư Suê,2
Cuor Đăng,2
Krông Búk,2
Cư Né,2
Chư KBô,2
Cư Pơng,2
Ea Sin,2
Pơng Drang,2
Ea Ngai,2
ĐLiê Ya,2
Ea Tóh,2
Ea Puk,2
Ea Dăh,2
Ea Hồ,2
Cư Klông,2
Ea Tân,2
Ea Kar,2
Ea Knốp,2
Ea Sô,2
Ea Sar,2
Cư Huê,2
Ea Tih,2
Ea Đar,2
Ea Kmút,2
Cư Ni,2
Ea Păl,2
Cư Prông,2
Ea Ô,2
Cư ELang,2
Cư Bông,2
Cư Jang,2
M'Đrắk,2
Cư Prao,2
Ea Pil,2
Ea Lai,2
Ea H'MLay,2
Krông Jing,2
Ea M' Doal,2
Ea Riêng,2
Cư M'ta,2
Cư K Róa,2
Krông Á,2
Cư San,2
Ea Trang,2
Krông Bông,2
Krông Kmar,2
Dang Kang,2
Cư KTy,2
Hòa Tân,2
Hòa Lễ,2
Yang Reh,2
Ea Trul,2
Khuê Ngọc Điền,2
Cư Pui,2
Cư Drăm,2
Yang Mao,2
Krông Pắc,2
KRông Búk,2
Ea Kly,2
Ea Kênh,2
Ea Phê,2
Ea KNuec,2
Ea Yông,2
Ea Kuăng,2
Hòa Đông,2
Ea Hiu,2
Vụ Bổn,2
Ea Uy,2
Ea Yiêng,2
Krông A Na,2
Buôn Trấp,2
Dray Sáp,2
Ea Na,2
Ea Bông,2
Băng A Drênh,2
Dur KMăl,2
Lắk,2
Yang Tao,2
Bông Krang,2
Đắk Liêng,2
Buôn Triết,2
Buôn Tría,2
Đắk Phơi,2
Đắk Nuê,2
Krông Nô,2
Nam Ka,2
Ea R'Bin,2
Cư Kuin,2
Ea Ning,2
Cư Ê Wi,2
Ea Ktur,2
Ea Tiêu,2
Ea BHốk,2
Ea Hu,2
Dray Bhăng,2
Hòa Hiệp,2
Đắk Nông,1
Gia Nghĩa,2
Đăk R'Moan,2
Đắk Nia,2
Đăk Glong,2
Quảng Hoà,2
Đắk Ha,2
Đắk R'Măng,2
Đắk Plao,2
Đắk Som,2
Cư Jút,2
Ea T'Ling,2
Đắk Wil,2
Ea Pô,2
Nam Dong,2
Đắk DRông,2
Tâm Thắng,2
Cư Knia,2
Trúc Sơn,2
Đắk Mil,2
Đắk Lao,2
Đắk R'La,2
Đắk Gằn,2
Đức Mạnh,2
Đắk N'Drót,2
Đắk Sắk,2
Đắk Mâm,2
Đắk Sôr,2
Buôn Choah,2
Nam Đà,2
Đắk Drô,2
Nâm Nung,2
Đức Xuyên,2
Đắk Nang,2
Nâm N'Đir,2
Đắk Song,2
Đức An,2
Đắk Môl,2
Đắk Hòa,2
Thuận Hà,2
Thuận Hạnh,2
Đắk N'Dung,2
Nâm N'Jang,2
Đắk R'Lấp,2
Kiến Đức,2
Quảng Tín,2
Đắk Wer,2
Nhân Cơ,2
Kiến Thành,2
Đạo Nghĩa,2
Đắk Sin,2
Đắk Ru,2
Tuy Đức,2
Quảng Trực,2
Đắk Búk So,2
Đắk R'Tíh,2
Đắk Ngo,2
Lâm Đồng,1
Đà Lạt,2
12,2
10,2
11,2
Tà Nung,2
Trạm Hành,2
Bảo Lộc,2
Lộc Phát,2
B'lao,2
Đạm Bri,2
Lộc Thanh,2
Lộc Nga,2
Lộc Châu,2
Đại Lào,2
Đam Rông,2
Đạ Tông,2
Đạ Long,2
Đạ M' Rong,2
Liêng Srônh,2
Đạ Rsal,2
Rô Men,2
Phi Liêng,2
Đạ K' Nàng,2
Lạc Dương,2
Đạ Chais,2
Đạ Nhim,2
Đưng KNớ,2
Lát,2
Đạ Sar,2
Lâm Hà,2
Nam Ban,2
Đinh Văn,2
Phi Tô,2
Đạ Đờn,2
Đơn Dương,2
D'Ran,2
Lạc Xuân,2
Đạ Ròn,2
Lạc Lâm,2
Ka Đô,2
Quảng Lập,2
Ka Đơn,2
Tu Tra,2
Pró,2
Đức Trọng,2
Hiệp Thạnh,2
N'Thol Hạ,2
Ninh Gia,2
Tà Năng,2
Đa Quyn,2
Tà Hine,2
Đà Loan,2
Ninh Loan,2
Di Linh,2
Đinh Trang Thượng,2
Tân Lâm,2
Gia Hiệp,2
Đinh Lạc,2
Tam Bố,2
Đinh Trang Hòa,2
Liên Đầm,2
Gung Ré,2
Bảo Thuận,2
Hòa Trung,2
Sơn Điền,2
Gia Bắc,2
Lộc Thắng,2
Lộc Bảo,2
Lộc Lâm,2
Lộc Phú,2
Lộc Bắc,2
B' Lá,2
Lộc Ngãi,2
Lộc Quảng,2
Lộc Tân,2
Lộc Đức,2
Lộc Thành,2
Lộc Nam,2
Đạ Huoai,2
Đạ M'ri,2
Ma Đa Guôi,2
Hà Lâm,2
Đạ Tồn,2
Đạ Oai,2
Đạ Ploa,2
Đạ Tẻh,2
An Nhơn,2
Quảng Trị,2
Đạ Lây,2
Triệu Hải,2
Đạ Kho,2
Đạ Pal,2
Cát Tiên,2
Tiên Hoàng,2
Phước Cát 2,2
Nam Ninh,2
Phước Cát,2
Đức Phổ,2
Đồng Nai Thượng,2
Bình Phước,1
Thị xã Phước Long,2
Thác Mơ,2
Long Thủy,2
Long Phước,2
Long Giang,2
Phước Tín,2
Đồng Xoài,2
Tiến Hưng,2
Thị xã Bình Long,2
Hưng Chiến,2
An Lộc,2
Phú Đức,2
Thanh Phú,2
Bù Gia Mập,2
Đak Ơ,2
Phú Văn,2
Đa Kia,2
Bình Thắng,2
Lộc Tấn,2
Lộc Thạnh,2
Lộc Hiệp,2
Lộc Thiện,2
Lộc Thuận,2
Lộc Quang,2
Lộc Thái,2
Lộc Hưng,2
Lộc Khánh,2
Bù Đốp,2
Hưng Phước,2
Phước Thiện,2
Thiện Hưng,2
Hớn Quản,2
An Khương,2
Tân Khai,2
Đồng Nơ,2
Tân Quan,2
Thuận Lợi,2
Thuận Phú,2
Bù Đăng,2
Đường 10,2
Đak Nhau,2
Bom Bo,2
Minh Hưng,2
Đồng Nai,2
Đức Liễu,2
Đăng Hà,2
Chơn Thành,2
Nha Bích,2
Minh Thắng,2
Phú Riềng,2
Long Bình,2
Bù Nho,2
Long Hà,2
Long Tân,2
Phú Trung,2
Tây Ninh,1
Hiệp Ninh,2
Thạnh Tân,2
Ninh Thạnh,2
Tân Biên,2
Thạnh Bắc,2
Thạnh Bình,2
Thạnh Tây,2
Mỏ Công,2
Trà Vong,2
Tân Đông,2
Suối Ngô,2
Suối Dây,2
Thạnh Đông,2
Dương Minh Châu,2
Suối Đá,2
Phan,2
Bàu Năng,2
Chà Là,2
Cầu Khởi,2
Bến Củi,2
Truông Mít,2
Hảo Đước,2
Đồng Khởi,2
An Cơ,2
Biên Giới,2
Hòa Thạnh,2
Trí Bình,2
Thanh Điền,2
Ninh Điền,2
Long Vĩnh,2
Thị xã Hòa Thành,2
Long Hoa,2
Hiệp Tân,2
Long Thành Bắc,2
Trường Hòa,2
Trường Đông,2
Long Thành Trung,2
Trường Tây,2
Long Thành Nam,2
Gò Dầu,2
Thạnh Đức,2
Bàu Đồn,2
Phước Thạnh,2
Phước Đông,2
Phước Trạch,2
Thanh Phước,2
Bến Cầu,2
Long Chữ,2
Tiên Thuận,2
Long Khánh,2
Lợi Thuận,2
Long Thuận,2
An Thạnh,2
Thị xã Trảng Bàng,2
Trảng Bàng,2
Đôn Thuận,2
Hưng Thuận,2
An Tịnh,2
Phước Chỉ,2
Bình Dương,1
Thủ Dầu Một,2
Hiệp Thành,2
Phú Lợi,2
Phú Thọ,2
Chánh Nghĩa,2
Định Hoà,2
Hoà Phú,2
Phú Tân,2
Tương Bình Hiệp,2
Chánh Mỹ,2
Bàu Bàng,2
Trừ Văn Thố,2
Cây Trường II,2
Lai Uyên,2
Long Nguyên,2
Lai Hưng,2
Dầu Tiếng,2
Minh Hoà,2
Minh Thạnh,2
Định An,2
Long Hoà,2
Định Hiệp,2
An Lập,2
Thị xã Bến Cát,2
Mỹ Phước,2
Chánh Phú Hòa,2
An Điền,2
Thới Hòa,2
Hòa Lợi,2
Tân Định,2
Phú Giáo,2
An Linh,2
Phước Sang,2
An Long,2
Tam Lập,2
Vĩnh Hoà,2
Thị xã Tân Uyên,2
Uyên Hưng,2
Tân Phước Khánh,2
Hội Nghĩa,2
Phú Chánh,2
Tân Vĩnh Hiệp,2
Thạnh Phước,2
Thạnh Hội,2
Dĩ An,2
Tân Đông Hiệp,2
Lái Thiêu,2
Thuận Giao,2
Hưng Định,2
Bình Nhâm,2
Vĩnh Phú,2
Bắc Tân Uyên,2
Đất Cuốc,2
Hiếu Liêm,2
Lạc An,2
Thường Tân,2
Đồng Nai,1
Biên Hòa,2
Trảng Dài,2
Hố Nai,2
Bửu Long,2
Bình Đa,2
Bửu Hòa,2
Long Bình Tân,2
Tân Vạn,2
Tân Hạnh,2
Hóa An,2
Xuân Thanh,2
Bảo Quang,2
Suối Tre,2
Bảo Vinh,2
Bàu Sen,2
Bàu Trâm,2
Hàng Gòn,2
Dak Lua,2
Nam Cát Tiên,2
Núi Tượng,2
Tà Lài,2
Phú Lập,2
Vĩnh Cửu,2
Phú Lý,2
Trị An,2
Bình Lợi,2
Thạnh Phú,2
Mã Đà,2
Định Quán,2
Ngọc Định,2
La Ngà,2
Gia Canh,2
Phú Ngọc,2
Túc Trưng,2
Suối Nho,2
Trảng Bom,2
Cây Gáo,2
Bàu Hàm,2
Sông Thao,2
Sông Trầu,2
Đông Hoà,2
Hố Nai 3,2
Đồi 61,2
Giang Điền,2
An Viễn,2
Gia Tân 1,2
Gia Tân 2,2
Gia Tân 3,2
Gia Kiệm,2
Bàu Hàm 2,2
Lộ 25,2
Xuân Thiện,2
Dầu Giây,2
Sông Nhạn,2
Xuân Quế,2
Xuân Đường,2
Long Giao,2
Thừa Đức,2
Bảo Bình,2
Xuân Bảo,2
Xuân Tây,2
Xuân Đông,2
Sông Ray,2
Lâm San,2
Long Đức,2
Cẩm Đường,2
Long An,2
Gia Ray,2
Suối Cao,2
Xuân Tâm,2
Xuân Hiệp,2
Xuân Định,2
Bảo Hoà,2
Lang Minh,2
Nhơn Trạch,2
Phước Thiền,2
Đại Phước,2
Hiệp Phước,2
Phú Hữu,2
Long Thọ,2
Vĩnh Thanh,2
Phước Khánh,2
Bà Rịa - Vũng Tàu,1
Vũng Tàu,2
Thắng Tam,2
Thắng Nhì,2
Nguyễn An Ninh,2
Thắng Nhất,2
Rạch Dừa,2
Bà Rịa,2
Phước Nguyên,2
Long Toàn,2
Long Tâm,2
Long Hương,2
Kim Dinh,2
Hoà Long,2
Châu Đức,2
Bàu Chinh,2
Ngãi Giao,2
Bình Ba,2
Suối Nghệ,2
Bình Giã,2
Xà Bang,2
Cù Bị,2
Láng Lớn,2
Suối Rao,2
Đá Bạc,2
Xuyên Mộc,2
Phước Bửu,2
Bông Trang,2
Bàu Lâm,2
Hòa Hưng,2
Bưng Riềng,2
Long Điền,2
An Ngãi,2
An Nhứt,2
Phước,2
Đất Đỏ,2
Phước Long Thọ,2
Long Mỹ,2
Láng Dài,2
Thị xã Phú Mỹ,2
Mỹ Xuân,2
Sông Xoài,2
Hắc Dịch,2
Châu Pha,2
Tóc Tiên,2
Côn Đảo,2
Hồ Chí Minh,1
Đa Kao,2
Bến Nghé,2
Bến Thành,2
Nguyễn Thái Bình,2
Cầu Ông Lãnh,2
Cô Giang,2
Nguyễn Cư Trinh,2
Cầu Kho,2
Thạnh Xuân,2
Thạnh Lộc,2
Thới An,2
Tân Chánh Hiệp,2
An Phú Đông,2
Tân Thới Hiệp,2
Trung Mỹ Tây,2
Tân Hưng Thuận,2
Đông Hưng Thuận,2
Tân Thới Nhất,2
Gò Vấp,2
15,2
13,2
17,2
16,2
14,2
05,2
07,2
04,2
01,2
03,2
27,2
26,2
25,2
24,2
06,2
02,2
21,2
22,2
19,2
28,2
08,2
09,2
Tân Sơn Nhì,2
Tây Thạnh,2
Tân Quý,2
Phú Thọ Hòa,2
Tân Thới Hòa,2
Thủ Đức,2
Linh Xuân,2
Bình Chiểu,2
Linh Trung,2
Tam Bình,2
Hiệp Bình Phước,2
Hiệp Bình Chánh,2
Linh Chiểu,2
Linh Tây,2
Linh Đông,2
Bình Thọ,2
Long Thạnh Mỹ,2
Hiệp Phú,2
Tăng Nhơn Phú A,2
Tăng Nhơn Phú B,2
Phước Long B,2
Phước Long A,2
Trường Thạnh,2
Long Trường,2
Thảo Điền,2
Bình Trưng Đông,2
Bình Trưng Tây,2
Cát Lái,2
Thạnh Mỹ Lợi,2
An Lợi Đông,2
Thủ Thiêm,2
Võ Thị Sáu,2
18,2
Bình Hưng Hòa,2
Bình Hưng Hoà A,2
Bình Hưng Hoà B,2
Bình Trị Đông,2
Bình Trị Đông A,2
Bình Trị Đông B,2
Tân Tạo,2
Tân Tạo A,2
An Lạc A,2
Tân Thuận Đông,2
Tân Thuận Tây,2
Tân Kiểng,2
Tân Quy,2
Củ Chi,2
Phú Mỹ Hưng,2
Trung Lập Thượng,2
An Nhơn Tây,2
Nhuận Đức,2
Phạm Văn Cội,2
Phú Hòa Đông,2
Trung Lập Hạ,2
Tân An Hội,2
Phước Vĩnh An,2
Thái Mỹ,2
Tân Thạnh Tây,2
Tân Thạnh Đông,2
Tân Phú Trung,2
Tân Thông Hội,2
Hóc Môn,2
Nhị Bình,2
Đông Thạnh,2
Tân Thới Nhì,2
Thới Tam Thôn,2
Xuân Thới Sơn,2
Xuân Thới Đông,2
Trung Chánh,2
Xuân Thới Thượng,2
Bà Điểm,2
Tân Túc,2
Phạm Văn Hai,2
Vĩnh Lộc A,2
Vĩnh Lộc B,2
Lê Minh Xuân,2
Tân Nhựt,2
Tân Kiên,2
An Phú Tây,2
Đa Phước,2
Tân Quý Tây,2
Quy Đức,2
Nhà Bè,2
Phước Kiển,2
Nhơn Đức,2
Long Thới,2
Cần Giờ,2
Cần Thạnh,2
Bình Khánh,2
Tam Thôn Hiệp,2
An Thới Đông,2
Thạnh An,2
Long Hòa,2
Lý Nhơn,2
Long An,1
Hướng Thọ Phú,2
Nhơn Thạnh Trung,2
Lợi Bình Nhơn,2
Bình Tâm,2
Khánh Hậu,2
An Vĩnh Ngãi,2
Thị xã Kiến Tường,2
Thạnh Trị,2
Tuyên Thạnh,2
Thạnh Hưng,2
Hưng Điền B,2
Hưng Điền,2
Hưng Thạnh,2
Vĩnh Châu B,2
Vĩnh Đại,2
Vĩnh Châu A,2
Vĩnh Bửu,2
Hưng Điền A,2
Khánh Hưng,2
Thái Trị,2
Vĩnh Trị,2
Thái Bình Trung,2
Vĩnh Bình,2
Tuyên Bình,2
Tuyên Bình Tây,2
Mộc Hóa,2
Bình Hòa Tây,2
Bình Hòa Trung,2
Bình Hòa Đông,2
Bình Phong Thạnh,2
Bắc Hòa,2
Hậu Thạnh Tây,2
Nhơn Hòa Lập,2
Hậu Thạnh Đông,2
Kiến Bình,2
Nhơn Ninh,2
Thạnh Hóa,2
Thuận Bình,2
Thuận Nghĩa Hòa,2
Thủy Đông,2
Thủy Tây,2
Tân Tây,2
Đức Huệ,2
Mỹ Quý Đông,2
Mỹ Thạnh Bắc,2
Mỹ Quý Tây,2
Mỹ Thạnh Tây,2
Mỹ Thạnh Đông,2
Bình Hòa Bắc,2
Bình Hòa Hưng,2
Bình Hòa Nam,2
Hậu Nghĩa,2
Lộc Giang,2
Đức Lập Thượng,2
Đức Lập Hạ,2
Mỹ Hạnh Bắc,2
Đức Hòa Thượng,2
Hòa Khánh Tây,2
Hòa Khánh Đông,2
Mỹ Hạnh Nam,2
Đức Hòa Đông,2
Đức Hòa Hạ,2
Hựu Thạnh,2
Bến Lức,2
Thạnh Lợi,2
Lương Bình,2
Thạnh Hòa,2
Lương Hòa,2
Tân Bửu,2
Bình Đức,2
Phước Lợi,2
Nhựt Chánh,2
Thủ Thừa,2
Long Thạnh,2
Mỹ Lạc,2
Nhị Thành,2
Mỹ Phú,2
Tân Trụ,2
Quê Mỹ Thạnh,2
Lạc Tấn,2
Bình Trinh Đông,2
Tân Phước Tây,2
Bình Lãng,2
Bình Tịnh,2
Nhựt Ninh,2
Cần Đước,2
Long Trạch,2
Long Khê,2
Long Định,2
Phước Vân,2
Long Cang,2
Mỹ Lệ,2
Tân Lân,2
Phước Tuy,2
Long Hựu Đông,2
Tân Ân,2
Long Hựu Tây,2
Tân Chánh,2
Cần Giuộc,2
Phước Lý,2
Long Thượng,2
Long Hậu,2
Phước Lại,2
Phước Lâm,2
Phước Vĩnh Tây,2
Phước Vĩnh Đông,2
Long Phụng,2
Tân Tập,2
Tầm Vu,2
Bình Quới,2
Phú Ngãi Trị,2
Vĩnh Công,2
Thuận Mỹ,2
Phước Tân Hưng,2
Thanh Phú Long,2
Dương Xuân Hội,2
An Lục Long,2
Long Trì,2
Thanh Vĩnh Đông,2
Tiền Giang,1
Mỹ Tho,2
Đạo Thạnh,2
Tân Mỹ Chánh,2
Thới Sơn,2
Thị xã Gò Công,2
Long Chánh,2
Bình Xuân,2
Thị xã Cai Lậy,2
Mỹ Phước Tây,2
Mỹ Hạnh Đông,2
Mỹ Hạnh Trung,2
Nhị Mỹ,2
Nhị Quý,2
Phú Quý,2
Tân Hòa Đông,2
Thạnh Hoà,2
Tân Hòa Thành,2
Tân Lập 1,2
Tân Hòa Tây,2
Tân Lập 2,2
Phước Lập,2
Cái Bè,2
Hậu Mỹ Bắc B,2
Hậu Mỹ Bắc A,2
Hậu Mỹ Trinh,2
Hậu Mỹ Phú,2
Mỹ Lợi B,2
Thiện Trung,2
Mỹ Hội,2
Mỹ Lợi A,2
Thiện Trí,2
Mỹ Đức Đông,2
Mỹ Đức Tây,2
Đông Hòa Hiệp,2
An Thái Đông,2
An Thái Trung,2
An Hữu,2
Cai Lậy,2
Mỹ Thành Bắc,2
Mỹ Thành Nam,2
Mỹ Long,2
Long Tiên,2
Long Trung,2
Hội Xuân,2
Tân Hội Đông,2
Tân Lý Đông,2
Tân Lý Tây,2
Thân Cửu Nghĩa,2
Điềm Hy,2
Dưỡng Điềm,2
Hữu Đạo,2
Bình Trưng,2
Bàn Long,2
Song Thuận,2
Chợ Gạo,2
Hòa Tịnh,2
Mỹ Tịnh An,2
Tân Bình Thạnh,2
Phú Kiết,2
Lương Hòa Lạc,2
Quơn Long,2
Bình Phục Nhứt,2
Đăng Hưng Phước,2
Tân Thuận Bình,2
Song Bình,2
Bình Phan,2
Long Bình Điền,2
An Thạnh Thủy,2
Hòa Định,2
Bình Ninh,2
Gò Công Tây,2
Đồng Thạnh,2
Bình Nhì,2
Yên Luông,2
Thạnh Nhựt,2
Vĩnh Hựu,2
Gò Công Đông,2
Tăng Hoà,2
Gia Thuận,2
Vàm Láng,2
Kiểng Phước,2
Bình Ân,2
Tân Điền,2
Bình Nghị,2
Tân Phú Đông,2
Tân Thới,2
Bến Tre,1
Bến Tre,2
Phú Khương,2
An Hội,2
Phú Hưng,2
Mỹ Thạnh An,2
Nhơn Thạnh,2
Tân Thạch,2
Qưới Sơn,2
Phú An Hòa,2
Thành Triệu,2
Tường Đa,2
Quới Thành,2
An Hóa,2
Tiên Long,2
Hữu Định,2
Tiên Thủy,2
Chợ Lách,2
Phú Phụng,2
Hòa Nghĩa,2
Tân Thiềng,2
Hưng Khánh Trung B,2
Mỏ Cày Nam,2
Mỏ Cày,2
Định Thủy,2
Đa Phước Hội,2
Thành Thới B,2
An Thới,2
Thành Thới A,2
Ngãi Đăng,2
Hương Mỹ,2
Giồng Trôm,2
Châu Hòa,2
Lương Quới,2
Thuận Điền,2
Bình Hoà,2
Hưng Phong,2
Tân Hào,2
Tân Lợi Thạnh,2
Thạnh Phú Đông,2
Hưng Nhượng,2
Hưng Lễ,2
Bình Đại,2
Vang Quới Tây,2
Vang Quới Đông,2
Châu Hưng,2
Thới Lai,2
Bình Thới,2
Đại Hòa Lộc,2
Thới Thuận,2
Ba Tri,2
Bảo Thạnh,2
An Phú Trung,2
Mỹ Nhơn,2
Phước Ngãi,2
An Ngãi Trung,2
Phú Lễ,2
An Bình Tây,2
An Ngãi Tây,2
An Hòa Tây,2
Đại Điền,2
Quới Điền,2
Thới Thạnh,2
An Thuận,2
An Quy,2
Thạnh Hải,2
Giao Thạnh,2
Thạnh Phong,2
Mỏ Cày Bắc,2
Hưng Khánh Trung A,2
Thạnh Ngãi,2
Tân Phú Tây,2
Phước Mỹ Trung,2
Tân Thành Bình,2
Tân Thanh Tây,2
Nhuận Phú Tân,2
Khánh Thạnh Tân,2
Trà Vinh,1
Càng Long,2
Mỹ Cẩm,2
An Trường A,2
An Trường,2
Huyền Hội,2
Phương Thạnh,2
Nhị Long Phú,2
Nhị Long,2
Đức Mỹ,2
Cầu Kè,2
Hòa Ân,2
Châu Điền,2
An Phú Tân,2
Hoà Tân,2
Ninh Thới,2
Phong Thạnh,2
Tam Ngãi,2
Thông Hòa,2
Tiểu Cần,2
Cầu Quan,2
Hiếu Tử,2
Hiếu Trung,2
Hùng Hòa,2
Tân Hùng,2
Tập Ngãi,2
Ngãi Hùng,2
Lương Hoà A,2
Song Lộc,2
Nguyệt Hóa,2
Phước Hảo,2
Cầu Ngang,2
Mỹ Long Bắc,2
Mỹ Long Nam,2
Kim Hòa,2
Nhị Trường,2
Hiệp Mỹ Đông,2
Hiệp Mỹ Tây,2
Thạnh Hòa Sơn,2
Trà Cú,2
Tập Sơn,2
An Quảng Hữu,2
Lưu Nghiệp Anh,2
Ngãi Xuyên,2
Hàm Giang,2
Ngọc Biên,2
Đôn Xuân,2
Đôn Châu,2
Ngũ Lạc,2
Thị xã Duyên Hải,2
Long Hữu,2
Dân Thành,2
Trường Long Hòa,2
Vĩnh Long,1
Tân Ngãi,2
Long Hồ,2
Bình Hòa Phước,2
Phú Quới,2
Thạnh Quới,2
Mang Thít,2
Cái Nhum,2
Chánh An,2
Tân Long Hội,2
Vũng Liêm,2
Tân Quới Trung,2
Quới Thiện,2
Quới An,2
Tân An Luông,2
Trung Thành Tây,2
Trung Hiệp,2
Hiếu Phụng,2
Trung Thành Đông,2
Trung Hiếu,2
Trung Ngãi,2
Hiếu Thuận,2
Hiếu Nhơn,2
Hiếu Thành,2
Hiếu Nghĩa,2
Hoà Lộc,2
Song Phú,2
Long Phú,2
Mỹ Thạnh Trung,2
Tường Lộc,2
Loan Mỹ,2
Ngãi Tứ,2
Thị xã Bình Minh,2
Cái Vồn,2
Thành Phước,2
Đông Bình,2
Đông Thuận,2
Trà Ôn,2
Trà Côn,2
Hựu Thành,2
Vĩnh Xuân,2
Thuận Thới,2
Thiện Mỹ,2
Lục Sỹ Thành,2
Tích Thiện,2
Thành Trung,2
Tân An Thạnh,2
Tân Lược,2
Nguyễn Văn Thảnh,2
Tân Quới,2
Đồng Tháp,1
Cao Lãnh,2
Mỹ Ngãi,2
Mỹ Trà,2
Tịnh Thới,2
Sa Đéc,2
Tân Khánh Đông,2
Tân Quy Đông,2
Tân Quy Tây,2
Hồng Ngự,2
An Bình B,2
An Bình A,2
Sa Rài,2
Tân Hộ Cơ,2
Thông Bình,2
Tân Thành A,2
Tân Thành B,2
Tân Công Chí,2
Thường Phước 1,2
Thường Thới Hậu A,2
Thường Thới Tiền,2
Thường Phước 2,2
Thường Lạc,2
Long Khánh A,2
Long Khánh B,2
Phú Thuận B,2
Phú Thuận A,2
Tràm Chim,2
Tân Công Sính,2
Phú Hiệp,2
Phú Thành B,2
Phú Thành A,2
Tháp Mười,2
Tân Kiều,2
Mỹ Quý,2
Đốc Binh Kiều,2
Láng Biển,2
Gáo Giồng,2
Phương Thịnh,2
Phương Trà,2
Tân Hội Trung,2
Bình Hàng Trung,2
Mỹ Xương,2
Bình Hàng Tây,2
An Phong,2
Bình Tấn,2
Tân Huề,2
Lấp Vò,2
Mỹ An Hưng A,2
Mỹ An Hưng B,2
Tân  Khánh Trung,2
Long Hưng A,2
Long Hưng B,2
Định Yên,2
Hội An Đông,2
Bình Thạnh Trung,2
Lai Vung,2
Long Thắng,2
Vĩnh Thới,2
Cái Tàu Hạ,2
Tân Nhuận Đông,2
An Phú Thuận,2
Phú Hựu,2
An Giang,1
Mỹ Xuyên,2
Mỹ Thới,2
Mỹ Khánh,2
Mỹ Hoà Hưng,2
Châu Đốc,2
Châu Phú B,2
Châu Phú A,2
Vĩnh Mỹ,2
Núi Sam,2
Vĩnh Ngươn,2
Vĩnh Tế,2
Vĩnh Châu,2
Thị Trấn Long Bình,2
Quốc Thái,2
Vĩnh Hậu,2
Vĩnh Hội Đông,2
Thị xã Tân Châu,2
Vĩnh Xương,2
Phú Vĩnh,2
Lê Chánh,2
Chợ Vàm,2
Hiệp Xương,2
Bình Thạnh Đông,2
Châu Phú,2
Cái Dầu,2
Ô Long Vỹ,2
Vĩnh Thạnh Trung,2
Thạnh Mỹ Tây,2
Bình Thủy,2
Đào Hữu Cảnh,2
Tịnh Biên,2
Nhà Bàng,2
Núi Voi,2
Văn Giáo,2
An Hảo,2
Tri Tôn,2
Ba Chúc,2
Lạc Quới,2
Lê Trì,2
Vĩnh Gia,2
Châu Lăng,2
Lương Phi,2
Lương An Trà,2
Tà Đảnh,2
Núi Tô,2
An Tức,2
Tân Tuyến,2
Ô Lâm,2
Cần Đăng,2
Vĩnh Hanh,2
Hòa Bình Thạnh,2
Vĩnh Nhuận,2
Mỹ Luông,2
Mỹ Hội Đông,2
Long Điền A,2
Tấn Mỹ,2
Long Điền B,2
Long Kiến,2
Bình Phước Xuân,2
An Thạnh Trung,2
Thoại Sơn,2
Núi Sập,2
Thị Trấn Óc Eo,2
Vĩnh Trạch,2
Vĩnh Chánh,2
Định Mỹ,2
Mỹ Phú Đông,2
Vọng Đông,2
Vĩnh Khánh,2
Thoại Giang,2
Vọng Thê,2
Kiên Giang,1
Rạch Giá,2
Vĩnh Thanh Vân,2
Rạch Sỏi,2
Vĩnh Thông,2
Phi Thông,2
Hà Tiên,2
Tô Châu,2
Đông Hồ,2
Bình San,2
Pháo Đài,2
Thuận Yên,2
Kiên Lương,2
Kiên Bình,2
Hòa Điền,2
Hòn Nghệ,2
Hòn Đất,2
Nam Thái Sơn,2
Mỹ Hiệp Sơn,2
Sơn Kiên,2
Lình Huỳnh,2
Thổ Sơn,2
Tân Hiệp B,2
Thạnh Đông B,2
Tân Hiệp A,2
Thạnh Đông A,2
Mong Thọ A,2
Mong Thọ B,2
Mong Thọ,2
Giục Tượng,2
Vĩnh Hòa Hiệp,2
Vĩnh Hoà Phú,2
Giồng Riềng,2
Thị Trấn Giồng Riềng,2
Bàn Thạch,2
Bàn Tân Định,2
Ngọc Thành,2
Ngọc Chúc,2
Ngọc Thuận,2
Hoà Lợi,2
Ngọc Hoà,2
Gò Quao,2
Vĩnh Hòa Hưng Bắc,2
Thới Quản,2
Thủy Liễu,2
Vĩnh Hòa Hưng Nam,2
Vĩnh Phước A,2
Vĩnh Phước B,2
Vĩnh Thắng,2
Thứ Ba,2
Tây Yên,2
Tây Yên A,2
Nam Yên,2
Nam Thái A,2
Đông Thái,2
An Minh,2
Thứ Mười Một,2
Đông Hưng A,2
Đông Hưng B,2
Vân Khánh,2
Vân Khánh Đông,2
Vân Khánh Tây,2
Vĩnh Bình Bắc,2
Vĩnh Bình Nam,2
Phong Đông,2
Phú Quốc,2
Dương Đông,2
Cửa Cạn,2
Gành Dầu,2
Cửa Dương,2
Dương Tơ,2
Bãi Thơm,2
Thổ Châu,2
Kiên Hải,2
Hòn Tre,2
Lại Sơn,2
Nam Du,2
U Minh Thượng,2
Thạnh Yên,2
Thạnh Yên A,2
An Minh Bắc,2
Hoà Chánh,2
Giang Thành,2
Vĩnh Điều,2
Tân Khánh Hòa,2
Cần Thơ,1
Ninh Kiều,2
Cái Khế,2
Thới Bình,2
Xuân Khánh,2
Ô Môn,2
Châu Văn Liêm,2
Thới Long,2
Phước Thới,2
Trường Lạc,2
Bình Thuỷ,2
Trà An,2
Trà Nóc,2
Thới An Đông,2
Bùi Hữu Nghĩa,2
Long Tuyền,2
Cái Răng,2
Lê Bình,2
Hưng Phú,2
Ba Láng,2
Thường Thạnh,2
Thốt Nốt,2
Trung Nhứt,2
Thuận Hưng,2
Vĩnh Trinh,2
Thạnh Tiến,2
Thạnh Thắng,2
Thạnh Qưới,2
Cờ Đỏ,2
Trung Thạnh,2
Thới Hưng,2
Đông Hiệp,2
Đông Thắng,2
Thới Đông,2
Thới Xuân,2
Nhơn Ái,2
Trường Long,2
Nhơn Nghĩa,2
Thới Tân,2
Trường Thắng,2
Định Môn,2
Trường Xuân A,2
Trường Xuân B,2
Hậu Giang,1
Vị Thanh,2
I,2
III,2
IV,2
V,2
VII,2
Vị Tân,2
Hoả Lựu,2
Hoả Tiến,2
Ngã Bảy,2
Lái Hiếu,2
Hiệp Lợi,2
Châu Thành A,2
Một Ngàn,2
Bảy Ngàn,2
Trường Long Tây,2
Trường Long A,2
Nhơn Nghĩa A,2
Rạch Gòi,2
Cái Tắc,2
Tân Phú Thạnh,2
Thị Trấn Ngã Sáu,2
Mái Dầm,2
Đông Phước,2
Đông Phước A,2
Phụng Hiệp,2
Kinh Cùng,2
Cây Dương,2
Hòa Mỹ,2
Phương Bình,2
Hiệp Hưng,2
Tân Phước Hưng,2
Búng Tàu,2
Phương Phú,2
Vị Thuỷ,2
Nàng Mau,2
Vị Trung,2
Vị Thắng,2
Vĩnh Thuận Tây,2
Vị Đông,2
Vị Bình,2
Vĩnh Thuận Đông,2
Vĩnh Viễn,2
Vĩnh Viễn A,2
Lương Tâm,2
Lương Nghĩa,2
Xà Phiên,2
Thị xã Long Mỹ,2
Trà Lồng,2
Long Trị,2
Long Trị A,2
Sóc Trăng,1
Sóc Trăng,2
Hồ Đắc Kiện,2
Phú Tâm,2
Kế Sách,2
An Lạc Thôn,2
An Lạc Tây,2
Trinh Phú,2
Ba Trinh,2
Thới An Hội,2
Kế Thành,2
Kế An,2
Đại Hải,2
Mỹ Tú,2
Huỳnh Hữu Nghĩa,2
Cù Lao Dung,2
An Thạnh 1,2
An Thạnh Tây,2
An Thạnh Đông,2
Đại Ân 1,2
An Thạnh 2,2
An Thạnh 3,2
An Thạnh Nam,2
Song Phụng,2
Đại Ngãi,2
Hậu Thạnh,2
Trường Khánh,2
Châu Khánh,2
Đại Tâm,2
Tham Đôn,2
Ngọc Đông,2
Hòa Tú 1,2
Gia Hòa 1,2
Ngọc Tố,2
Gia Hòa 2,2
Hòa Tú II,2
Thị xã Ngã Năm,2
Vĩnh Quới,2
Mỹ Quới,2
Lâm Tân,2
Lâm Kiết,2
Tuân Tức,2
Thị xã Vĩnh Châu,2
Lạc Hòa,2
Lai Hòa,2
Trần Đề,2
Đại Ân  2,2
Liêu Tú,2
Lịch Hội Thượng,2
Trung Bình,2
Tài Văn,2
Thạnh Thới An,2
Thạnh Thới Thuận,2
Viên Bình,2
Bạc Liêu,1
Bạc Liêu,2
Nhà Mát,2
Vĩnh Trạch Đông,2
Hồng Dân,2
Ngan Dừa,2
Ninh Quới,2
Ninh Quới A,2
Ninh Thạnh Lợi A,2
Ninh Thạnh Lợi,2
Vĩnh Phú Đông,2
Vĩnh Phú Tây,2
Phong Thạnh Tây A,2
Phong Thạnh Tây B,2
Vĩnh Hưng A,2
Châu Hưng A,2
Hưng Hội,2
Châu Thới,2
Thị xã Giá Rai,2
Hộ Phòng,2
Phong Thạnh Đông,2
Láng Tròn,2
Phong Tân,2
Phong Thạnh A,2
Phong Thạnh Tây,2
Gành Hào,2
Long Điền Đông,2
Long Điền Đông A,2
Long Điền Tây,2
An Trạch,2
An Trạch A,2
An Phúc,2
Định Thành A,2
Minh Diệu,2
Vĩnh Mỹ B,2
Vĩnh Hậu A,2
Vĩnh Mỹ A,2
Cà Mau,1
Cà Mau,2
Tân Xuyên,2
An Xuyên,2
Tắc Vân,2
Lý Văn Lâm,2
U Minh,2
Khánh Thuận,2
Khánh Tiến,2
Nguyễn Phích,2
Khánh Lâm,2
Biển Bạch,2
Tân Bằng,2
Trí Phải,2
Trí Lực,2
Biển Bạch Đông,2
Tân Lộc Bắc,2
Tân Lộc Đông,2
Hồ Thị Kỷ,2
Trần Văn Thời,2
Sông Đốc,2
Khánh Bình Tây Bắc,2
Khánh Bình Tây,2
Trần Hợi,2
Khánh Lộc,2
Khánh Bình Đông,2
Lợi An,2
Phong Lạc,2
Cái Nước,2
Lương Thế Trân,2
Hoà Mỹ,2
Đông Thới,2
Tân Hưng Đông,2
Trần Thới,2
Đầm Dơi,2
Tạ An Khương,2
Tạ An Khương  Đông,2
Trần Phán,2
Tạ An Khương  Nam,2
Tân Duyệt,2
Quách Phẩm Bắc,2
Quách Phẩm,2
Ngọc Chánh,2
Nguyễn Huân,2
Năm Căn,2
Thị Trấn Năm Căn,2
Hiệp Tùng,2
Đất Mới,2
Lâm Hải,2
Hàng Vịnh,2
Tam Giang Đông,2
Cái Đôi Vàm,2
Việt Thắng,2
Tân Hưng Tây,2
Rạch Chèo,2
Nguyễn Việt Khái,2
Ngọc Hiển,2
Tam Giang Tây,2
Tân Ân Tây,2
Viên An Đông,2
Rạch Gốc,2
Đất Mũi,2
